price,area,bedrooms,bathrooms,stories,mainroad,guestroom,basement,hotwaterheating,airconditioning,parking,prefarea,furnishingstatus
3724850,3481,3,2,3,no,no,no,no,no,1,yes,unfurnished
4529408,8175,3,1,2,yes,no,yes,no,no,0,no,semi-furnished
1877898,7341,2,1,3,yes,yes,yes,no,no,1,no,semi-furnished
1790689,7541,2,1,1,yes,yes,no,no,no,1,yes,semi-furnished
2420738,6577,3,1,2,yes,no,yes,no,no,0,no,unfurnished
2699151,5138,4,0,2,no,no,yes,no,no,0,no,unfurnished
3189050,3895,3,0,1,no,no,no,no,no,0,no,semi-furnished
3096495,6274,2,1,1,yes,no,no,no,no,0,no,furnished
7820120,2468,2,0,1,yes,no,no,no,yes,1,yes,unfurnished
5763776,3472,2,1,1,yes,yes,no,no,no,1,no,furnished
4845188,4474,1,1,2,yes,no,no,no,yes,2,no,semi-furnished
4933845,4353,3,0,1,yes,yes,no,no,no,0,no,unfurnished
5698985,1986,2,0,2,no,no,yes,no,no,1,no,semi-furnished
3924147,7225,2,1,1,no,no,no,no,no,1,yes,unfurnished
3292189,836,3,1,3,yes,no,no,no,no,1,no,unfurnished
-183041,5876,2,1,3,yes,yes,no,no,no,0,no,semi-furnished
3085263,7896,2,1,2,yes,no,no,no,no,0,no,semi-furnished
3646696,3910,3,0,1,yes,no,no,no,yes,1,no,semi-furnished
4321119,-162,2,1,2,no,no,yes,no,no,0,yes,furnished
225485,4326,2,0,3,yes,no,no,no,yes,1,no,furnished
6010646,4661,3,1,0,yes,yes,yes,no,no,0,no,furnished
2595676,4483,3,0,1,yes,no,yes,no,no,0,no,unfurnished
3283488,472,2,1,1,yes,no,yes,no,no,1,no,semi-furnished
5846872,5894,4,0,2,yes,yes,no,no,no,1,yes,semi-furnished
4751634,2855,2,0,2,yes,no,yes,no,yes,1,no,unfurnished
5037943,8708,4,3,1,no,no,no,no,no,1,yes,semi-furnished
5047744,9331,2,1,2,yes,no,no,yes,yes,0,yes,semi-furnished
3263518,7474,2,0,1,yes,no,yes,no,yes,1,no,furnished
4984033,2911,2,0,0,yes,no,yes,no,yes,0,yes,furnished
4356300,6323,2,1,1,yes,no,no,no,no,1,yes,semi-furnished
3485565,4817,2,0,1,yes,no,no,no,no,2,no,furnished
7028520,2161,2,1,0,yes,no,yes,no,no,0,no,unfurnished
2470931,3794,2,2,1,yes,no,yes,no,yes,2,no,furnished
5825186,5433,2,0,1,yes,no,yes,no,no,0,no,semi-furnished
7062172,1449,3,1,2,no,no,yes,no,yes,0,no,furnished
5090849,4226,2,1,0,yes,no,no,no,no,0,yes,unfurnished
3470054,5280,2,1,1,yes,no,no,no,no,2,no,furnished
6510357,5209,2,0,2,yes,no,no,no,no,1,no,unfurnished
4732716,2839,3,1,0,yes,no,no,no,yes,0,no,furnished
7665810,3126,3,1,0,yes,no,yes,no,no,0,no,unfurnished
7313698,7799,2,1,1,yes,no,no,no,no,1,no,furnished
8124921,7011,4,2,2,yes,no,yes,no,no,0,no,furnished
5424632,3284,3,1,2,no,yes,yes,no,no,2,yes,semi-furnished
6505884,4674,2,2,1,yes,no,yes,no,no,0,no,unfurnished
5746861,6540,3,2,0,yes,no,yes,no,no,0,no,unfurnished
4428529,4829,2,0,3,yes,no,no,yes,yes,0,no,furnished
5209279,3932,4,1,1,yes,yes,no,no,no,2,no,semi-furnished
4955418,2788,3,1,1,yes,no,yes,no,yes,1,no,unfurnished
5230374,4543,3,1,1,yes,no,yes,no,yes,2,yes,furnished
4549977,4693,2,0,0,yes,no,yes,no,no,0,yes,semi-furnished
5377162,4380,2,1,1,no,no,yes,no,yes,0,no,unfurnished
3900250,7455,2,1,2,yes,no,yes,no,yes,0,yes,semi-furnished
2645010,6730,3,1,1,yes,no,yes,no,no,1,no,semi-furnished
2040802,4932,3,0,0,yes,no,yes,no,yes,0,no,furnished
3314518,2297,4,1,2,yes,no,yes,no,no,1,no,unfurnished
144299,4937,2,1,1,no,no,no,no,yes,3,yes,furnished
4617372,7928,3,1,2,yes,no,yes,no,no,0,no,furnished
-193903,7818,2,1,1,no,no,no,no,no,0,no,semi-furnished
1672934,3980,1,0,2,yes,no,no,no,yes,0,yes,semi-furnished
1741209,4129,3,1,1,yes,no,no,no,yes,0,yes,semi-furnished
5869985,4358,4,0,1,yes,no,no,no,yes,0,no,furnished
1219335,7423,2,0,2,yes,yes,no,no,no,0,no,semi-furnished
5392079,3618,4,2,3,yes,no,yes,no,no,1,yes,furnished
3126112,6697,2,1,2,no,no,no,no,no,0,no,furnished
5655305,4187,1,0,2,yes,no,yes,no,no,0,no,unfurnished
4735886,7062,3,1,1,yes,no,no,no,yes,0,no,unfurnished
6322245,5344,2,1,2,yes,no,yes,no,yes,0,yes,semi-furnished
4104635,6912,2,1,1,no,no,yes,no,no,0,no,semi-furnished
5752653,1831,4,1,3,yes,no,yes,no,yes,1,yes,furnished
3576016,-190,2,1,3,yes,no,no,yes,no,0,no,semi-furnished
4230678,7862,2,1,1,yes,no,no,no,no,0,no,semi-furnished
5315452,3098,3,1,1,yes,no,no,yes,yes,0,no,furnished
4225553,7148,3,1,1,yes,no,yes,no,yes,1,no,unfurnished
5615648,4634,2,1,1,no,no,yes,no,yes,0,no,furnished
5633047,4156,3,1,3,yes,yes,yes,no,no,1,no,unfurnished
2131943,3554,3,1,1,yes,no,no,no,no,0,no,furnished
5319905,6769,3,2,1,yes,no,yes,no,no,1,yes,semi-furnished
3401855,1936,2,1,2,no,no,yes,no,no,0,yes,unfurnished
1665734,1749,3,1,2,yes,no,no,no,yes,1,yes,unfurnished
6628971,5010,2,1,3,yes,yes,no,no,no,1,no,unfurnished
5357539,4904,3,1,0,no,no,no,no,no,0,yes,semi-furnished
6717645,5873,2,1,0,yes,no,yes,no,no,1,yes,semi-furnished
6131982,7029,1,0,0,yes,no,no,no,no,1,yes,unfurnished
5746728,6266,2,1,0,no,yes,yes,no,no,0,yes,semi-furnished
4771408,2180,2,0,0,yes,no,no,no,yes,0,yes,semi-furnished
5004785,4742,2,1,0,yes,no,no,no,no,0,no,unfurnished
6408127,4123,4,1,3,yes,no,no,no,yes,0,no,semi-furnished
7288559,11054,3,1,3,yes,no,yes,no,no,1,no,semi-furnished
4895392,2143,2,1,2,yes,no,yes,no,no,1,no,furnished
2122439,600,1,1,1,yes,no,yes,no,yes,0,no,semi-furnished
1385348,4992,2,0,0,yes,no,no,no,no,1,no,unfurnished
3628377,7587,3,1,1,yes,no,yes,no,no,1,no,unfurnished
7012455,4829,2,1,1,yes,no,yes,no,no,0,no,unfurnished
5282649,7606,3,0,2,yes,yes,no,no,yes,0,no,semi-furnished
5852076,10726,2,1,2,no,no,no,no,no,0,yes,unfurnished
7670161,1632,2,0,1,yes,no,yes,no,no,1,no,unfurnished
4880392,3979,2,2,4,yes,no,no,no,yes,0,no,semi-furnished
4919363,5787,1,2,1,yes,no,no,no,no,0,no,unfurnished
7416421,6441,4,1,3,yes,no,yes,no,no,0,yes,semi-furnished
4415918,5327,4,1,1,no,no,yes,no,no,0,yes,furnished
291811,4014,3,1,3,yes,no,no,no,no,1,no,furnished
8367754,7158,3,0,2,yes,yes,no,no,yes,0,no,unfurnished
3138348,8297,2,1,2,yes,yes,no,no,yes,0,no,unfurnished
3247426,5521,1,0,3,yes,no,no,no,no,0,no,semi-furnished
3808880,5687,3,1,2,yes,no,no,no,yes,0,no,furnished
6271077,5357,2,1,1,no,no,no,no,no,0,no,semi-furnished
6388894,5480,3,0,2,yes,no,no,no,no,1,no,furnished
1058569,5766,2,0,2,yes,no,no,no,no,0,no,unfurnished
6409492,3125,2,1,0,yes,yes,yes,no,yes,0,no,semi-furnished
3194382,3337,2,1,2,yes,yes,yes,no,no,0,no,semi-furnished
7228863,9306,3,0,2,yes,no,no,no,no,0,no,unfurnished
5010977,5550,1,1,1,yes,no,no,no,no,0,yes,unfurnished
5242122,6621,1,0,2,yes,no,yes,no,no,2,no,furnished
5702939,6646,3,1,1,yes,no,yes,no,no,0,no,unfurnished
7767748,1298,2,0,0,yes,no,yes,yes,yes,0,no,semi-furnished
3819012,2000,3,1,1,yes,no,no,no,yes,0,yes,furnished
8179317,4354,3,1,1,yes,no,no,no,yes,0,no,furnished
4041443,2732,4,1,0,yes,no,no,no,no,0,yes,semi-furnished
6638338,1489,2,0,1,yes,yes,no,no,no,-1,no,semi-furnished
5495419,184,3,1,2,yes,no,yes,no,yes,1,no,semi-furnished
5784126,3353,2,0,2,yes,yes,no,yes,no,-1,no,unfurnished
2403805,6179,3,1,2,yes,no,no,no,no,0,no,semi-furnished
3218627,5316,2,1,2,yes,yes,yes,no,no,1,yes,semi-furnished
6007312,2938,2,2,1,yes,no,no,no,no,0,no,semi-furnished
6442637,6135,3,1,1,yes,yes,yes,no,no,0,no,furnished
4042866,5962,2,1,0,yes,no,yes,no,no,0,yes,unfurnished
2148509,9680,2,0,2,yes,no,no,no,no,0,yes,semi-furnished
4287258,5061,4,1,1,no,no,no,no,no,0,no,unfurnished
6172041,-2059,2,0,2,no,yes,yes,no,no,0,yes,furnished
7455689,6620,3,1,0,yes,no,yes,no,yes,0,no,semi-furnished
5664540,5032,3,1,2,yes,no,no,no,no,1,yes,unfurnished
3860748,2149,2,1,2,yes,yes,no,no,no,0,no,semi-furnished
2540812,7826,4,0,1,yes,no,yes,no,no,0,no,semi-furnished
4537236,4222,2,0,0,yes,no,yes,no,no,1,no,unfurnished
5697010,3904,2,1,1,yes,yes,no,no,no,2,no,semi-furnished
4823197,5046,2,1,0,yes,no,no,no,no,0,no,semi-furnished
4312116,8148,3,1,2,yes,no,no,no,yes,0,no,unfurnished
6109095,6614,1,1,2,yes,no,yes,no,yes,0,no,furnished
4878957,428,1,1,2,no,yes,yes,no,yes,1,no,furnished
2723569,4031,3,1,1,yes,no,no,no,no,1,no,semi-furnished
3529001,6521,3,1,1,yes,no,yes,no,no,0,no,semi-furnished
4541501,6468,3,1,1,yes,no,yes,no,no,0,yes,furnished
7527070,2539,2,0,0,yes,no,no,no,yes,0,yes,furnished
5698879,2736,4,2,2,yes,no,no,no,no,0,no,semi-furnished
5149625,5765,3,1,1,yes,no,yes,no,no,0,no,furnished
3016285,6330,2,1,1,yes,no,no,no,no,0,no,semi-furnished
7996660,4053,4,1,3,yes,no,no,no,no,0,yes,unfurnished
6116161,7780,4,1,1,yes,no,no,no,yes,0,yes,unfurnished
4581132,1891,3,1,1,no,no,yes,no,no,0,yes,unfurnished
4516779,5672,3,1,2,yes,yes,no,no,yes,1,no,furnished
3695968,6220,4,1,1,yes,no,yes,no,yes,1,yes,furnished
9800139,3011,4,1,1,yes,no,no,yes,yes,2,yes,semi-furnished
5121153,3596,3,1,2,yes,no,yes,no,yes,0,no,semi-furnished
3826535,6049,2,1,1,yes,no,no,no,no,0,no,semi-furnished
4311863,6726,2,1,1,yes,no,yes,yes,no,0,no,furnished
3275933,4586,1,1,0,yes,no,no,no,yes,0,no,furnished
4836583,4599,3,1,1,yes,no,no,no,no,0,no,furnished
10392396,11433,2,1,2,yes,no,no,no,yes,0,no,furnished
5627595,4856,4,0,2,yes,yes,no,no,no,0,no,semi-furnished
4222934,1401,4,0,1,no,no,no,no,yes,0,yes,semi-furnished
4119860,1566,2,1,3,no,no,no,no,no,0,yes,semi-furnished
3739055,1710,3,0,2,yes,no,yes,no,no,1,no,semi-furnished
3939832,7832,3,1,1,yes,no,no,yes,no,0,yes,semi-furnished
10399338,3441,3,0,0,no,no,yes,no,no,0,no,furnished
5547907,4678,2,1,1,yes,no,no,no,yes,2,yes,unfurnished
7136773,2531,2,0,2,yes,no,no,no,no,2,no,unfurnished
3522396,5612,4,1,1,yes,no,no,no,no,0,yes,semi-furnished
7000413,4059,2,2,2,yes,no,no,no,yes,1,no,furnished
4306419,11027,3,1,1,no,no,yes,no,no,0,no,unfurnished
5149275,2884,3,0,1,yes,no,yes,no,no,1,no,unfurnished
3852647,3909,4,1,2,yes,no,no,no,no,1,no,unfurnished
3852833,1968,3,1,1,yes,no,no,no,no,1,no,semi-furnished
4977046,5489,2,0,3,yes,no,no,no,no,0,yes,semi-furnished
7767348,5069,1,1,1,yes,no,no,no,yes,0,yes,semi-furnished
5848877,3856,3,1,1,yes,yes,no,no,no,0,no,unfurnished
5129901,5100,3,0,1,no,no,no,no,no,2,no,unfurnished
4497651,3696,3,1,1,yes,yes,no,no,yes,0,no,unfurnished
3851556,6037,2,0,2,yes,no,no,no,no,0,yes,semi-furnished
5074489,-56,4,0,3,yes,no,no,no,no,0,no,semi-furnished
4252757,2953,2,1,1,yes,no,no,no,no,1,no,furnished
6553535,9032,2,2,1,no,no,no,no,no,0,no,unfurnished
5778820,3779,2,1,2,yes,no,no,yes,no,1,no,unfurnished
4542654,5303,2,1,1,yes,no,yes,no,no,0,yes,furnished
6508641,6282,2,0,1,yes,no,no,no,no,0,no,unfurnished
4178868,1886,2,1,4,yes,no,no,no,no,1,no,unfurnished
5318866,4848,2,1,1,yes,no,no,no,yes,0,no,unfurnished
6138710,4772,2,2,3,yes,no,yes,no,yes,0,no,unfurnished
6408851,1777,3,1,1,no,yes,no,no,no,0,no,semi-furnished
6590011,6185,3,2,3,yes,yes,no,no,no,0,no,semi-furnished
4271748,5412,2,1,0,yes,no,no,yes,no,1,yes,furnished
7076089,3919,3,0,2,yes,no,no,no,no,2,no,furnished
5686852,3407,1,1,1,yes,no,no,no,no,0,no,unfurnished
5173735,9290,3,0,2,yes,yes,yes,no,yes,0,no,unfurnished
3692437,9973,3,0,0,yes,no,no,no,no,0,no,unfurnished
6254250,888,3,1,4,yes,no,no,no,yes,1,no,unfurnished
3912886,2830,2,1,1,yes,no,yes,no,no,0,yes,furnished
6314411,4741,3,1,3,yes,no,no,no,no,0,yes,semi-furnished
9004053,8709,2,1,1,yes,no,yes,no,no,0,no,furnished
5429761,7421,3,0,1,yes,no,no,no,yes,1,yes,semi-furnished
4112559,5369,2,1,2,no,no,yes,no,yes,1,no,unfurnished
2839159,3710,2,1,2,no,no,no,no,no,0,no,semi-furnished
5672768,10709,3,1,3,yes,no,no,yes,no,0,no,unfurnished
4817868,7229,2,0,1,yes,no,no,no,no,0,yes,furnished
1724124,5876,3,1,1,yes,no,no,no,yes,1,no,unfurnished
6409641,5633,3,0,1,yes,no,no,no,yes,0,yes,semi-furnished
7336440,6420,2,1,2,yes,no,no,no,no,0,yes,semi-furnished
3208368,4616,2,2,2,yes,no,no,no,no,0,no,furnished
7389040,3720,2,0,2,yes,no,no,no,no,1,no,semi-furnished
3679292,3675,4,2,1,yes,no,no,no,no,1,no,semi-furnished
4605614,2763,3,1,1,no,no,yes,no,yes,0,no,unfurnished
3209787,-1211,2,1,2,no,no,yes,no,no,0,yes,semi-furnished
7448635,7095,2,1,1,yes,no,no,no,no,0,no,unfurnished
7317216,4316,1,1,1,yes,no,no,no,no,0,yes,unfurnished
6588214,5728,2,0,0,yes,no,yes,no,no,1,no,semi-furnished
4506296,3864,4,0,2,yes,no,no,no,yes,1,yes,semi-furnished
6057788,6762,1,1,0,yes,no,yes,no,no,0,no,furnished
2200513,-540,2,2,1,yes,yes,no,no,no,0,no,semi-furnished
3889140,7284,3,1,1,yes,no,no,no,no,1,no,unfurnished
5470957,5712,2,0,1,yes,no,no,no,yes,0,no,semi-furnished
5984071,9386,2,1,0,yes,no,yes,no,yes,1,no,unfurnished
5401350,3316,3,1,1,no,no,no,no,no,2,no,semi-furnished
4142840,2511,3,1,3,no,no,no,no,no,0,no,furnished
4301225,3152,1,1,1,yes,no,no,no,no,0,no,unfurnished
-106036,7208,3,1,2,yes,no,no,no,no,0,no,semi-furnished
6607971,12325,2,0,3,yes,no,no,no,yes,1,yes,semi-furnished
8383735,6876,1,1,1,yes,yes,no,no,no,0,no,semi-furnished
6219421,6441,2,1,2,yes,no,yes,no,yes,0,no,furnished
6399633,4949,2,0,1,yes,no,no,no,no,0,no,furnished
10218552,3202,1,1,1,yes,no,yes,no,yes,0,no,unfurnished
2725696,5681,3,0,0,yes,no,no,no,yes,0,yes,unfurnished
4269947,9542,3,1,2,no,no,no,no,yes,1,yes,furnished
3220515,2840,2,1,1,yes,no,yes,no,yes,0,no,furnished
5266224,7153,3,1,1,yes,no,no,no,no,1,no,furnished
2409246,4269,2,0,2,yes,no,no,no,yes,0,no,unfurnished
4932702,7422,1,1,1,yes,no,no,no,no,0,no,unfurnished
7971338,8961,2,0,2,yes,no,yes,no,no,0,no,furnished
8360094,5567,1,1,1,yes,no,no,no,no,0,no,semi-furnished
6763438,4319,3,0,1,yes,no,no,no,no,1,no,furnished
5900554,7458,1,0,1,yes,no,no,no,no,-1,yes,unfurnished
4788211,5048,3,1,1,yes,no,yes,no,no,0,no,semi-furnished
3594692,5422,3,1,0,yes,no,no,no,no,0,no,unfurnished
5871300,10165,2,1,2,yes,no,no,no,no,0,no,unfurnished
6544091,1588,4,1,0,yes,no,yes,no,yes,0,no,furnished
5176135,7141,1,0,1,yes,no,no,no,yes,0,no,furnished
4981454,1977,3,1,3,yes,no,no,no,no,2,no,unfurnished
3206652,1247,3,1,1,yes,yes,no,no,yes,0,yes,semi-furnished
1329587,8242,3,1,2,yes,no,no,yes,no,0,no,semi-furnished
4507372,2262,2,1,0,no,yes,yes,no,no,2,no,unfurnished
3819488,1510,2,0,2,yes,no,yes,no,no,1,no,semi-furnished
4157967,5543,4,1,0,yes,yes,no,no,no,0,no,furnished
2797883,5928,3,1,2,no,yes,yes,no,no,0,no,unfurnished
6401585,1781,3,1,2,yes,no,no,no,no,0,yes,unfurnished
3747858,2983,3,1,1,yes,no,no,no,no,0,yes,semi-furnished
2335926,3641,1,0,1,yes,yes,no,no,no,0,no,unfurnished
4407368,861,2,0,2,yes,no,yes,no,no,2,yes,semi-furnished
4197045,7085,1,1,1,yes,no,no,no,no,0,no,furnished
4247459,3421,3,0,2,yes,no,yes,no,no,0,yes,semi-furnished
3647542,3196,1,1,3,no,yes,yes,no,yes,0,no,semi-furnished
5517625,5168,2,1,1,yes,no,yes,no,yes,1,yes,semi-furnished
4706233,6147,2,1,2,yes,no,yes,no,yes,1,no,unfurnished
5822974,2801,3,2,0,no,no,no,no,no,1,yes,unfurnished
6393074,8977,2,1,1,yes,yes,yes,no,no,0,no,furnished
4670007,3609,1,1,1,yes,no,no,no,no,0,no,semi-furnished
5058274,8104,3,1,2,yes,no,yes,no,yes,0,no,unfurnished
3630961,5457,3,1,1,yes,no,no,no,yes,0,no,semi-furnished
6726885,7005,2,1,1,yes,yes,no,no,no,0,no,furnished
3256662,6440,2,1,2,yes,no,yes,no,no,0,no,semi-furnished
2420720,7750,3,0,3,yes,no,yes,no,no,1,no,unfurnished
3693327,4375,2,0,0,yes,no,no,no,no,1,no,unfurnished
5855920,7698,3,1,2,yes,no,yes,no,no,0,no,furnished
9527846,4750,3,0,3,no,no,yes,yes,no,0,no,unfurnished
4916305,8622,2,1,0,yes,no,no,no,yes,1,no,furnished
4731971,8895,3,1,1,yes,no,no,no,yes,0,no,semi-furnished
7248329,4923,3,1,2,yes,no,no,no,no,1,no,unfurnished
5666160,2144,4,0,0,no,no,no,no,no,0,no,furnished
5088370,6260,2,2,1,no,no,yes,yes,no,0,no,semi-furnished
6371333,11170,3,1,2,yes,yes,no,no,no,0,no,semi-furnished
4325762,4137,1,1,0,yes,no,yes,no,yes,0,no,semi-furnished
4793219,7881,2,0,3,yes,no,no,no,no,0,no,furnished
1023262,4737,2,2,2,no,no,no,no,no,0,yes,semi-furnished
3855534,7135,2,0,1,yes,no,yes,no,yes,0,no,unfurnished
6503251,4963,2,1,3,yes,no,no,no,no,0,no,semi-furnished
8649610,1888,3,1,2,yes,no,no,no,no,0,yes,semi-furnished
5428278,7424,3,1,2,no,no,no,yes,no,0,no,unfurnished
3149722,6543,2,1,1,yes,yes,no,no,no,0,no,furnished
5013585,6038,2,1,0,yes,no,no,yes,no,0,no,unfurnished
2901946,5919,4,0,1,yes,no,no,no,no,0,no,semi-furnished
5386861,3382,2,1,1,yes,no,yes,no,no,2,no,unfurnished
1155929,6443,2,0,3,yes,no,yes,no,no,0,no,unfurnished
2960765,1573,4,0,2,yes,no,yes,no,no,1,no,unfurnished
4844434,3970,2,1,1,yes,no,yes,no,no,0,no,semi-furnished
5763420,2228,2,1,2,yes,yes,no,no,yes,1,yes,semi-furnished
8629513,3220,3,1,0,yes,no,yes,no,no,0,no,unfurnished
5377872,8319,2,1,2,yes,no,no,no,no,1,no,semi-furnished
6445579,848,3,1,1,yes,no,no,no,no,1,yes,semi-furnished
3893270,5022,2,1,2,yes,no,yes,no,no,0,no,unfurnished
3143765,3659,3,1,2,yes,no,yes,no,yes,1,yes,furnished
9556907,6640,3,1,3,yes,no,yes,no,no,0,no,furnished
4489681,8318,3,1,2,yes,no,yes,no,no,0,no,semi-furnished
3985875,6744,2,1,1,yes,no,no,no,yes,2,no,unfurnished
6437141,5470,2,0,3,yes,no,no,no,no,1,no,semi-furnished
2408155,7702,4,0,1,yes,no,no,no,no,0,no,semi-furnished
3678881,7447,3,1,3,yes,yes,yes,no,no,0,no,furnished
6233190,10891,2,2,0,yes,no,yes,no,yes,0,no,semi-furnished
5174677,4881,2,1,1,no,no,no,no,no,0,no,unfurnished
3967032,4368,2,1,0,yes,no,yes,no,yes,0,no,semi-furnished
1685711,8544,3,1,1,yes,yes,yes,no,no,1,no,semi-furnished
4593400,4372,2,0,2,yes,no,yes,no,no,-1,no,furnished
2218925,4595,2,1,2,no,no,no,no,no,2,no,unfurnished
3193298,2455,4,1,2,yes,no,yes,no,yes,1,yes,semi-furnished
2912883,4737,2,1,1,yes,no,yes,no,no,0,no,semi-furnished
2970091,4556,2,0,4,no,no,no,no,yes,0,no,semi-furnished
6694808,3812,2,1,0,yes,no,no,no,no,0,no,semi-furnished
5709845,10981,3,1,0,yes,yes,yes,no,no,1,no,furnished
3271048,4068,3,1,1,no,no,no,no,no,0,no,furnished
1833677,4913,2,1,0,yes,no,yes,yes,yes,1,yes,semi-furnished
2771762,5312,4,1,1,yes,no,yes,no,no,1,no,semi-furnished
7505201,5906,2,0,1,yes,no,no,no,no,0,no,unfurnished
1967200,5145,2,1,1,yes,no,no,no,yes,2,no,semi-furnished
4562542,5418,3,1,1,yes,no,no,no,yes,0,yes,unfurnished
3879903,6354,2,2,4,no,yes,no,no,yes,0,no,unfurnished
4780738,3266,2,0,1,no,no,no,no,yes,2,no,unfurnished
2611068,5481,2,1,1,yes,no,no,no,no,0,no,furnished
5859766,4755,4,0,0,yes,yes,yes,no,yes,0,no,semi-furnished
5109203,231,1,0,1,yes,no,yes,no,no,0,no,semi-furnished
5688688,8027,3,1,1,no,no,no,no,no,0,no,semi-furnished
2027051,2403,4,1,1,yes,no,yes,no,yes,0,no,furnished
3552877,2853,4,2,1,yes,yes,yes,no,no,1,no,unfurnished
6653811,3341,2,1,1,yes,no,yes,no,no,0,no,furnished
5951773,5314,2,1,0,yes,no,yes,yes,no,0,no,semi-furnished
5303230,9488,3,1,0,yes,yes,no,no,no,3,no,unfurnished
6345030,5002,1,1,2,yes,no,no,no,no,0,no,semi-furnished
3783214,6929,3,1,1,yes,no,yes,no,no,1,no,furnished
5377520,2349,1,1,2,yes,no,yes,no,no,0,no,semi-furnished
4424205,4538,3,1,1,yes,yes,no,no,no,1,no,unfurnished
5109607,7558,3,2,0,yes,no,yes,no,no,1,yes,semi-furnished
3335589,7242,0,1,2,yes,no,no,no,no,0,no,unfurnished
1091388,6995,2,1,1,no,no,no,no,no,1,no,semi-furnished
5725658,6560,1,1,2,yes,no,no,no,no,2,no,unfurnished
3951764,8661,3,2,2,yes,no,no,no,yes,0,no,semi-furnished
7319470,5303,2,1,1,yes,no,no,no,yes,0,no,semi-furnished
4772746,3628,2,0,2,yes,yes,no,no,no,1,no,unfurnished
1131892,3436,2,1,1,yes,no,yes,no,no,0,no,semi-furnished
5587491,4387,2,1,2,yes,no,no,no,no,0,yes,furnished
5096773,5413,2,1,1,yes,no,yes,yes,yes,0,no,semi-furnished
3578015,7542,1,1,2,no,no,yes,no,no,0,yes,semi-furnished
4088286,4642,3,1,3,yes,no,no,no,no,2,no,semi-furnished
4910730,3233,2,0,0,yes,no,yes,no,no,1,no,semi-furnished
4351856,4182,1,1,0,yes,yes,no,no,no,0,no,semi-furnished
4739118,3674,1,1,1,yes,no,no,no,no,0,no,unfurnished
8604928,5557,2,1,1,yes,no,yes,no,yes,1,no,furnished
5318322,5326,4,1,2,yes,no,no,no,yes,0,no,unfurnished
1797114,2967,3,0,3,yes,no,no,no,no,2,no,unfurnished
4377507,8562,2,1,1,yes,no,no,no,no,0,yes,semi-furnished
3774975,4839,2,1,2,yes,no,yes,no,no,0,yes,semi-furnished
8505193,5235,2,0,1,yes,no,no,no,yes,0,yes,semi-furnished
5734171,6106,3,1,2,yes,no,no,no,no,0,no,unfurnished
2041806,3054,2,2,1,no,no,no,no,no,2,no,semi-furnished
3531677,4715,2,0,2,yes,no,no,no,yes,0,no,furnished
8084759,5606,2,1,2,yes,no,no,no,no,0,yes,furnished
4533649,8594,1,2,2,yes,no,yes,no,no,0,no,unfurnished
2179239,9483,2,0,3,yes,no,no,no,no,0,no,unfurnished
1284215,6238,2,1,0,yes,no,no,no,no,0,no,semi-furnished
3535945,5371,3,1,1,yes,no,no,no,no,1,no,unfurnished
8599816,5107,3,2,2,yes,yes,no,no,yes,0,no,unfurnished
3433192,1334,0,1,1,yes,no,yes,no,no,0,yes,furnished
8008773,3125,3,1,2,yes,yes,no,no,yes,0,no,semi-furnished
6401432,10034,3,1,2,yes,no,no,no,no,0,no,furnished
5980809,5575,2,1,0,no,no,no,no,yes,2,no,furnished
4876296,7802,2,0,1,yes,no,yes,no,no,0,yes,unfurnished
7364489,6769,3,1,3,yes,no,yes,no,no,2,no,unfurnished
4615155,6273,2,2,0,yes,no,yes,no,no,0,no,semi-furnished
3349355,7486,2,1,2,yes,no,no,no,yes,2,no,semi-furnished
3748303,5851,3,0,2,yes,no,yes,no,yes,0,no,unfurnished
7304071,4277,2,2,1,yes,no,yes,no,no,0,yes,furnished
7741836,2843,3,1,1,yes,no,no,no,no,0,no,semi-furnished
4683483,8342,3,1,2,yes,no,no,no,no,1,no,semi-furnished
3672327,3571,2,1,3,yes,no,no,no,no,1,no,furnished
3851851,8485,3,0,1,no,no,yes,no,yes,0,yes,furnished
6498661,3242,4,1,1,yes,no,yes,no,no,0,no,unfurnished
5290267,6349,3,0,2,yes,no,no,no,no,1,yes,unfurnished
1901049,6736,2,1,3,yes,no,yes,no,no,0,no,unfurnished
3155884,3598,3,1,1,yes,no,yes,no,yes,0,no,furnished
3856257,2020,3,1,2,no,no,no,no,yes,0,no,furnished
2607644,1010,3,0,1,yes,no,no,no,no,0,yes,unfurnished
2503285,7106,3,0,1,yes,no,yes,no,yes,1,no,semi-furnished
7180001,10323,2,1,2,yes,yes,yes,no,yes,0,yes,furnished
6566847,4621,2,0,1,no,yes,yes,no,no,1,no,unfurnished
2038275,6313,2,0,2,no,no,yes,no,yes,1,no,semi-furnished
6597353,6917,1,1,2,no,yes,yes,no,no,0,yes,unfurnished
5058181,4620,2,0,1,yes,no,no,no,no,0,no,unfurnished
3887833,5470,3,0,1,no,no,no,no,no,1,no,semi-furnished
6025552,4696,4,2,3,yes,no,yes,no,no,0,no,semi-furnished
9209664,5874,3,1,0,yes,no,no,no,no,0,no,semi-furnished
7157728,4873,3,1,1,yes,no,yes,no,no,0,yes,unfurnished
4428346,7847,3,1,1,yes,no,no,no,no,0,yes,semi-furnished
2671635,6153,1,1,1,yes,no,yes,no,no,0,no,semi-furnished
4275809,7758,3,1,1,yes,no,yes,no,no,0,yes,semi-furnished
4368674,6617,3,1,1,yes,no,no,no,yes,0,no,semi-furnished
6935270,4202,2,1,2,yes,yes,no,no,yes,0,no,semi-furnished
5489582,7118,3,1,0,yes,no,yes,no,no,0,no,furnished
4841040,4477,2,0,2,yes,yes,no,yes,no,0,no,semi-furnished
2290989,4129,3,1,1,yes,yes,yes,no,no,1,no,unfurnished
3713316,-1898,1,1,1,yes,no,yes,no,no,1,yes,unfurnished
3394676,789,3,0,2,yes,no,no,no,no,0,no,unfurnished
3921221,4162,1,1,1,no,no,no,yes,no,0,no,unfurnished
7420849,4248,2,1,2,no,no,no,no,no,0,no,semi-furnished
5145467,2854,2,1,2,yes,yes,yes,no,no,1,yes,unfurnished
2977861,9166,2,0,2,yes,no,yes,no,no,0,no,furnished
2182540,6686,3,1,0,yes,yes,no,no,no,0,yes,unfurnished
4448820,5133,3,1,2,yes,no,yes,no,yes,0,no,semi-furnished
5810000,1492,3,1,2,no,yes,yes,no,yes,2,yes,furnished
2715277,5536,3,2,2,yes,no,no,no,no,0,no,semi-furnished
3705818,6484,1,0,2,yes,no,no,no,no,1,no,unfurnished
310553,5030,2,0,3,no,no,yes,no,yes,0,no,unfurnished
4020362,4959,2,0,0,no,no,yes,no,no,1,yes,unfurnished
6409736,9766,1,1,2,no,no,no,no,no,1,no,unfurnished
3889807,796,2,0,0,yes,yes,no,no,no,0,no,unfurnished
3650521,4203,2,1,1,yes,no,no,no,no,1,no,furnished
5779071,5664,2,1,2,yes,no,yes,no,no,0,no,furnished
4869987,2136,3,0,3,yes,no,no,no,yes,0,yes,unfurnished
6557607,1524,1,1,2,yes,no,no,no,yes,0,yes,semi-furnished
4299278,2817,3,1,2,yes,no,no,no,no,1,no,semi-furnished
2870804,4697,3,0,2,no,no,yes,no,no,0,no,unfurnished
4594210,6199,3,0,2,no,no,no,no,yes,2,no,furnished
3598849,6106,3,1,3,yes,no,yes,no,no,0,no,unfurnished
2747875,5716,2,1,0,yes,no,no,yes,no,-1,no,semi-furnished
4306077,6136,2,1,2,yes,no,no,no,yes,2,no,unfurnished
6434302,4445,3,1,2,yes,no,no,no,no,0,yes,unfurnished
2792372,3611,2,1,1,yes,no,no,no,no,0,no,semi-furnished
6247074,4744,2,1,1,yes,no,no,no,no,1,no,unfurnished
6900323,5279,2,1,2,yes,yes,yes,no,no,1,yes,unfurnished
4177043,4241,4,1,0,yes,no,no,no,no,3,no,semi-furnished
7631839,9541,4,1,1,yes,no,no,no,no,0,no,furnished
4202353,3869,3,1,0,yes,no,no,no,no,0,no,semi-furnished
4688662,5600,2,0,2,no,no,no,no,no,0,no,unfurnished
4280826,4916,2,1,1,yes,yes,no,no,no,0,no,semi-furnished
8029661,7326,3,1,1,no,no,no,no,no,0,no,semi-furnished
3752698,4892,4,1,1,yes,no,no,no,no,0,no,unfurnished
5569458,9445,2,0,2,yes,no,no,no,yes,1,yes,unfurnished
2935025,10805,4,1,0,yes,no,yes,no,no,0,no,semi-furnished
6111548,6784,3,1,0,yes,no,no,no,yes,1,no,unfurnished
4100407,8853,3,1,2,yes,yes,no,no,no,1,no,semi-furnished
3158454,7665,4,1,2,yes,no,no,no,yes,0,yes,furnished
5721542,5741,2,0,0,yes,no,yes,no,no,0,yes,semi-furnished
5405238,3857,3,1,0,yes,no,no,no,yes,0,no,semi-furnished
7224115,8910,2,0,0,yes,no,no,no,no,0,yes,furnished
4017175,7239,1,1,2,yes,yes,no,no,yes,0,no,unfurnished
4101316,4937,3,1,2,yes,no,no,no,no,0,no,semi-furnished
3812525,4564,1,1,1,yes,no,yes,no,yes,0,no,unfurnished
1378647,6202,3,1,2,yes,no,no,no,no,0,yes,furnished
7123224,1267,2,1,2,yes,no,no,yes,no,1,no,semi-furnished
3684818,8550,3,1,2,yes,no,no,no,yes,0,no,semi-furnished
5964589,5206,3,2,1,yes,no,yes,no,no,0,no,unfurnished
7035571,4239,2,1,2,yes,yes,no,no,no,1,no,unfurnished
739074,4278,2,2,1,no,no,no,no,no,1,no,furnished
4188877,7428,3,1,2,yes,no,yes,no,no,0,no,semi-furnished
3149507,2883,2,1,2,yes,no,yes,no,no,0,no,furnished
4140849,4612,3,1,2,yes,no,no,no,no,0,no,semi-furnished
5061595,4114,2,1,0,yes,no,no,no,no,1,no,unfurnished
3396421,6366,2,2,1,yes,no,yes,no,no,0,no,unfurnished
6074407,4187,1,1,1,yes,no,no,no,no,1,yes,semi-furnished
5220691,4338,3,0,2,yes,no,yes,no,no,1,no,semi-furnished
4562286,8810,3,1,2,yes,no,no,no,yes,1,no,furnished
6670749,7619,2,1,3,yes,yes,no,no,no,0,yes,furnished
4355157,5770,1,1,0,yes,no,no,no,no,0,no,semi-furnished
5582473,9001,4,2,0,yes,yes,yes,no,no,3,no,semi-furnished
5158335,7266,2,1,1,yes,no,yes,no,no,0,no,unfurnished
5772001,1578,2,1,2,yes,no,no,no,yes,0,yes,unfurnished
5737208,2841,2,0,2,no,yes,no,no,no,0,no,furnished
4236138,5436,3,1,1,yes,no,no,no,no,0,no,semi-furnished
6322677,7759,1,1,1,yes,no,no,no,yes,0,no,furnished
8010164,5975,2,1,1,yes,yes,no,no,no,0,yes,unfurnished
8430585,8246,4,1,2,yes,no,no,no,no,1,no,furnished
4614656,5112,3,1,1,yes,no,no,no,no,3,no,semi-furnished
8199335,425,2,1,0,yes,no,no,no,no,0,yes,unfurnished
2146206,1753,3,2,1,yes,no,yes,no,yes,0,no,furnished
2993415,5461,2,1,1,yes,no,no,no,no,-1,yes,semi-furnished
4084193,5364,3,1,2,yes,no,yes,no,yes,0,no,furnished
6411502,8440,1,1,1,yes,yes,yes,no,no,0,no,semi-furnished
3987269,8118,2,1,2,yes,no,no,no,no,0,yes,furnished
4925109,4274,2,2,1,yes,yes,no,no,yes,0,no,semi-furnished
6169877,6203,2,0,0,yes,no,no,no,yes,-1,yes,unfurnished
4241268,10688,1,0,2,yes,no,no,yes,no,0,no,semi-furnished
1961742,3697,4,2,0,yes,yes,no,yes,no,1,no,semi-furnished
5906689,5691,3,1,2,no,no,no,no,no,1,no,semi-furnished
1259246,8874,2,2,1,yes,no,no,no,yes,0,no,unfurnished
4782900,5588,2,0,2,yes,no,no,no,yes,1,no,unfurnished
3572608,8031,2,0,1,yes,no,yes,yes,no,0,no,unfurnished
6031581,2731,4,1,1,yes,yes,yes,no,no,0,yes,furnished
1688407,2685,2,1,1,yes,yes,no,yes,yes,1,no,semi-furnished
8407167,4767,2,1,1,yes,no,no,no,no,0,yes,furnished
4030096,6391,4,0,1,yes,yes,yes,no,no,0,no,semi-furnished
5128253,3145,3,0,1,no,yes,no,no,no,0,no,furnished
7284833,3787,3,1,3,yes,no,yes,no,no,0,no,unfurnished
3134000,2450,1,1,2,yes,no,no,yes,no,0,no,semi-furnished
6142402,6928,3,1,2,no,no,yes,no,yes,0,no,unfurnished
4297841,7087,3,1,2,yes,no,yes,no,no,0,no,furnished
3107180,6056,4,2,0,yes,no,no,no,no,1,no,furnished
3690583,4638,3,1,1,no,no,yes,yes,no,0,no,semi-furnished
3639453,7909,4,2,1,yes,no,no,no,yes,1,no,unfurnished
7015191,2565,2,1,0,no,no,no,no,no,1,no,semi-furnished
4804467,4071,3,1,1,yes,no,no,no,no,0,no,unfurnished
1998717,7918,2,1,2,yes,no,yes,no,yes,1,yes,furnished
1186534,5129,3,1,1,yes,no,no,no,yes,1,no,furnished
5530522,2843,3,1,1,yes,yes,no,no,yes,1,no,unfurnished
5040773,6430,2,1,2,yes,no,no,no,no,0,no,unfurnished
8296196,6476,2,0,1,yes,no,yes,no,no,0,no,unfurnished
3448055,7727,3,1,2,no,yes,yes,no,no,0,no,unfurnished
6747716,5989,3,1,0,yes,no,no,no,no,2,no,unfurnished
5723772,6031,1,1,2,yes,no,no,no,no,0,no,semi-furnished
6169090,7157,3,1,1,yes,no,no,no,yes,1,no,furnished
3616789,5297,2,1,2,yes,no,no,no,yes,0,no,semi-furnished
4690768,2645,2,1,1,yes,no,yes,no,no,1,no,semi-furnished
2543541,7142,3,1,2,yes,no,no,no,no,0,no,furnished
6808952,4426,1,1,0,yes,no,no,no,yes,0,yes,furnished
4840386,2518,3,1,0,yes,no,yes,no,yes,0,no,furnished
3978370,5280,1,1,2,yes,no,yes,no,yes,0,no,semi-furnished
6173444,4474,3,1,2,yes,no,no,no,no,0,no,semi-furnished
3636109,9497,2,0,2,yes,no,yes,no,yes,1,no,furnished
5490356,6500,1,0,1,yes,no,no,no,no,0,no,semi-furnished
4075833,7216,3,1,2,yes,no,no,no,no,0,no,furnished
4321317,8334,2,1,2,yes,no,no,yes,no,1,no,unfurnished
5336122,10806,2,1,1,yes,no,yes,no,yes,0,no,furnished
5539042,162,4,0,2,yes,yes,no,no,no,1,no,semi-furnished
6533232,5722,3,1,2,yes,no,yes,no,no,0,no,semi-furnished
4394539,7303,3,0,1,yes,no,yes,no,no,1,yes,semi-furnished
7672903,6638,3,1,3,no,yes,no,no,no,2,no,unfurnished
4369416,5761,3,0,3,yes,no,yes,no,no,1,no,semi-furnished
5972881,7100,3,0,0,no,no,yes,no,yes,2,no,furnished
7956635,4605,2,1,1,no,yes,no,no,no,0,yes,semi-furnished
4314617,9339,1,1,1,yes,no,no,no,no,1,no,semi-furnished
5457838,5601,3,1,1,no,no,yes,no,no,0,yes,furnished
630191,4415,3,1,1,yes,no,no,no,no,0,no,furnished
8200825,4820,2,1,3,yes,no,yes,no,no,0,no,unfurnished
5423757,1712,3,0,2,yes,no,no,no,no,0,no,furnished
8767256,1188,3,1,2,yes,yes,no,no,no,0,no,semi-furnished
447107,8190,3,2,0,yes,no,no,no,no,0,no,furnished
4834492,5714,2,1,0,yes,no,no,no,no,1,no,furnished
3071307,3314,2,1,2,yes,no,yes,no,no,1,no,unfurnished
5990725,126,3,0,1,yes,no,no,no,yes,0,yes,semi-furnished
4336178,4482,2,1,0,yes,no,no,no,no,0,no,furnished
7880308,4878,4,0,2,yes,no,no,no,no,0,no,unfurnished
4163760,6436,3,1,2,yes,no,no,no,no,1,no,unfurnished
9960114,4402,1,1,2,yes,yes,no,no,no,0,no,semi-furnished
3941110,6268,3,0,1,yes,no,yes,no,yes,2,yes,semi-furnished
4041908,6463,2,0,1,yes,no,no,no,no,0,no,furnished
6081193,1784,2,1,1,yes,no,yes,no,no,0,no,furnished
3753062,-237,3,1,1,yes,no,no,no,no,1,no,semi-furnished
7110937,3966,2,0,1,yes,yes,yes,no,no,1,no,unfurnished
4510053,6557,4,1,1,no,no,no,no,no,0,no,semi-furnished
6545588,6810,2,0,2,yes,no,no,no,yes,0,no,unfurnished
3456301,7835,3,1,2,no,no,no,no,no,1,no,unfurnished
6209984,5669,2,1,1,yes,no,no,no,no,0,no,furnished
10261552,2998,3,1,2,yes,no,yes,no,no,0,no,furnished
3929186,5759,2,0,2,yes,no,no,no,no,0,yes,unfurnished
3985210,4905,2,1,2,yes,no,no,no,no,0,no,semi-furnished
5694252,4729,2,1,1,yes,no,yes,no,no,0,no,furnished
5514818,5718,3,1,3,yes,no,no,no,no,0,no,unfurnished
1601989,2379,3,1,2,yes,no,no,yes,yes,1,yes,unfurnished
5604761,6412,4,1,2,yes,no,no,no,no,3,no,semi-furnished
6628526,4473,4,1,0,yes,yes,no,no,no,1,yes,semi-furnished
4980422,4850,2,1,0,yes,no,no,yes,yes,0,no,furnished
5692175,6305,2,0,2,yes,no,yes,no,no,0,no,unfurnished
4027388,5976,3,0,3,yes,yes,no,no,no,2,yes,semi-furnished
8110062,3882,2,1,1,yes,no,no,no,yes,0,no,unfurnished
2021220,4521,4,1,2,yes,no,yes,no,no,0,no,furnished
5219884,5332,2,1,1,yes,no,no,no,yes,0,no,furnished
3541702,5842,3,1,1,yes,no,yes,no,yes,0,yes,furnished
5594387,3586,3,1,1,no,no,no,no,no,1,no,unfurnished
5205415,4162,2,2,1,yes,no,yes,no,no,1,no,semi-furnished
9786657,8740,2,1,3,yes,yes,yes,no,yes,1,no,semi-furnished
3746316,7071,3,1,1,yes,no,no,no,no,1,yes,semi-furnished
6484104,3661,2,1,2,yes,no,no,no,no,0,no,unfurnished
3159881,5604,1,0,2,yes,no,yes,no,no,1,no,unfurnished
-519603,5460,2,1,1,yes,yes,yes,no,no,1,no,unfurnished
5464775,2252,2,1,3,yes,no,no,no,no,2,no,semi-furnished
1752886,7317,2,1,0,yes,no,yes,no,yes,0,no,semi-furnished
6353002,728,3,1,0,yes,no,yes,no,no,-1,no,unfurnished
2655667,12716,1,1,0,no,no,yes,no,no,0,no,semi-furnished
3272216,7801,2,1,3,no,no,no,no,yes,1,no,furnished
6144989,6754,3,1,1,yes,no,no,no,no,0,yes,unfurnished
2298880,6386,3,1,2,no,yes,no,no,no,0,no,unfurnished
3443914,9108,2,1,2,yes,no,no,no,yes,0,yes,unfurnished
8235338,3999,2,1,2,yes,no,no,no,no,0,yes,semi-furnished
3816092,5295,2,1,2,yes,no,no,no,no,1,no,unfurnished
2030873,5667,2,1,0,yes,no,yes,no,no,0,no,unfurnished
6553002,3856,1,2,1,yes,no,yes,no,no,0,yes,unfurnished
4151342,5351,2,1,1,yes,no,no,no,no,0,no,semi-furnished
3929099,1353,3,1,0,no,no,yes,no,yes,0,no,semi-furnished
3681801,1877,1,1,2,yes,no,yes,yes,yes,0,no,unfurnished
2655959,4976,2,0,0,yes,no,no,no,yes,2,no,semi-furnished
4710992,6204,3,2,1,yes,no,no,yes,yes,0,no,furnished
5424509,2456,2,0,1,yes,no,no,no,no,0,yes,semi-furnished
5819573,3563,3,1,0,yes,yes,no,no,yes,0,no,unfurnished
5371629,5949,2,2,2,yes,no,no,no,yes,1,no,unfurnished
3508742,6631,2,1,1,yes,no,yes,no,no,1,no,semi-furnished
6597357,2940,2,1,0,yes,no,no,no,no,0,yes,furnished
2220225,6287,2,1,2,no,no,no,no,no,1,yes,semi-furnished
5755652,10599,2,2,0,yes,yes,yes,no,no,1,no,semi-furnished
5323025,4155,2,1,1,no,yes,no,no,yes,1,no,unfurnished
4661870,4540,1,0,1,yes,yes,no,no,yes,0,no,furnished
5031494,9044,2,1,1,yes,no,no,no,no,0,no,semi-furnished
5274560,1843,3,1,0,yes,yes,no,no,no,0,no,unfurnished
4541734,5507,3,1,0,yes,no,no,yes,no,0,no,semi-furnished
3062239,6948,3,1,1,yes,no,no,no,yes,0,no,furnished
5559593,4313,3,1,1,yes,no,no,no,no,0,no,unfurnished
7262641,4422,2,1,1,yes,no,yes,no,no,0,no,furnished
6740598,6790,3,0,0,yes,no,no,no,no,1,no,semi-furnished
6558254,1113,2,0,1,yes,yes,no,no,yes,0,no,furnished
2583582,2375,4,1,1,yes,no,yes,no,no,0,yes,semi-furnished
4679480,2387,1,1,0,no,no,yes,no,no,0,no,semi-furnished
580563,4755,3,1,2,yes,no,yes,no,no,0,no,furnished
5104378,6831,3,1,1,yes,no,no,no,yes,0,yes,furnished
9173096,2574,2,1,2,yes,no,yes,no,yes,0,no,semi-furnished
4675965,4694,3,1,0,yes,yes,no,no,yes,1,yes,furnished
8704356,9202,2,0,1,no,no,no,no,yes,0,no,furnished
5513235,2818,2,0,1,yes,no,yes,no,no,0,yes,semi-furnished
5579004,4489,4,0,2,yes,no,yes,no,no,2,no,furnished
3598475,2408,3,2,0,yes,no,no,no,no,0,no,semi-furnished
9631705,11142,2,0,2,yes,no,no,no,no,1,no,furnished
4217709,6689,1,1,2,yes,no,no,yes,yes,1,no,unfurnished
4840353,452,2,1,1,yes,no,no,no,no,1,no,semi-furnished
3240535,6413,4,1,2,yes,no,yes,yes,yes,0,no,furnished
5775209,5167,1,1,1,yes,no,no,no,no,0,no,furnished
2515631,3668,3,1,1,yes,no,yes,no,no,0,yes,furnished
6659167,3347,3,0,3,yes,no,yes,no,yes,1,no,unfurnished
1775182,4934,1,1,1,yes,no,no,no,no,1,no,semi-furnished
4579635,4547,3,1,1,no,no,no,no,yes,1,no,unfurnished
7265079,3578,2,1,1,yes,yes,yes,no,no,0,no,semi-furnished
3888565,3333,3,1,1,yes,no,no,no,no,1,no,semi-furnished
4766947,9709,1,1,1,yes,no,no,no,no,0,yes,furnished
3185554,2672,1,0,0,yes,yes,no,yes,yes,1,no,furnished
5123106,6390,4,1,2,yes,yes,no,no,no,-1,no,semi-furnished
5953524,6633,2,1,0,yes,yes,no,no,no,1,no,unfurnished
5500577,6689,2,1,1,yes,no,yes,no,yes,0,no,furnished
2568295,2604,3,2,2,no,no,no,no,no,0,yes,semi-furnished
7504868,5165,2,1,3,yes,no,no,no,no,0,no,unfurnished
7612311,5637,2,1,1,yes,no,yes,no,no,2,yes,furnished
3514307,3847,3,1,0,yes,yes,yes,no,no,0,no,semi-furnished
4194302,6145,3,1,1,yes,yes,yes,no,no,0,no,furnished
4535166,6440,1,1,0,yes,yes,no,no,no,-1,no,furnished
4747313,5930,2,1,0,yes,no,no,no,no,0,no,unfurnished
4320429,5071,3,1,1,no,no,yes,no,no,0,no,furnished
1049807,6282,3,1,0,yes,no,no,no,yes,0,no,semi-furnished
2802675,7955,3,1,0,yes,no,no,no,no,0,yes,semi-furnished
3168323,4594,3,1,0,no,no,yes,no,no,0,no,semi-furnished
6530431,8167,2,1,3,yes,no,no,no,yes,0,no,furnished
7478039,6654,3,1,1,no,no,no,no,yes,0,no,unfurnished
6330819,2845,3,1,2,yes,no,yes,no,yes,0,no,unfurnished
5632521,6642,3,1,1,yes,no,no,no,no,1,yes,furnished
6960325,7587,3,1,0,yes,no,no,no,no,2,no,unfurnished
6414564,3293,3,2,1,no,no,yes,no,no,1,yes,semi-furnished
3605364,5889,4,0,2,yes,no,no,no,no,0,no,unfurnished
8693829,3648,3,2,2,yes,no,no,no,no,0,yes,furnished
5618658,3554,1,0,2,yes,yes,yes,no,no,0,yes,semi-furnished
2491228,3422,3,1,1,yes,no,no,no,yes,0,no,semi-furnished
6472941,5021,3,0,2,yes,no,no,no,yes,1,yes,unfurnished
2283902,7969,2,1,1,yes,no,yes,no,no,0,no,unfurnished
4773543,5446,3,1,0,no,no,no,no,no,0,yes,unfurnished
5897141,2459,1,0,1,yes,no,no,no,no,0,no,unfurnished
3385823,3435,3,1,1,yes,no,yes,yes,yes,0,no,furnished
4853929,5083,2,0,1,yes,no,no,no,no,1,no,semi-furnished
4115269,7864,3,1,2,yes,no,no,no,yes,0,no,furnished
7282581,3744,2,1,3,yes,no,no,no,no,0,no,semi-furnished
4941171,3592,1,0,2,yes,no,yes,no,no,2,no,furnished
2621813,3821,2,0,3,yes,no,yes,no,yes,0,no,unfurnished
6864376,5284,3,0,3,yes,no,no,no,yes,0,yes,semi-furnished
4111976,7005,3,1,2,yes,no,no,no,yes,0,no,semi-furnished
5524960,5282,3,1,3,yes,no,no,no,yes,0,no,semi-furnished
7741221,5420,3,1,3,yes,no,no,no,yes,0,yes,semi-furnished
7479603,3751,3,1,1,yes,no,yes,yes,no,0,no,furnished
7402701,6739,2,0,0,yes,no,no,no,no,-1,no,unfurnished
4178086,7940,3,0,1,no,no,yes,no,yes,1,no,furnished
4435368,3136,3,0,1,yes,yes,no,no,yes,1,no,semi-furnished
5916718,1952,3,1,1,yes,yes,no,no,no,1,yes,semi-furnished
2838856,4536,3,1,2,yes,no,yes,no,yes,0,no,furnished
3620506,3338,3,1,0,yes,no,yes,no,no,2,no,unfurnished
6146474,5949,2,0,1,yes,no,no,no,no,1,no,unfurnished
1714550,6014,3,1,2,yes,yes,yes,no,yes,0,no,unfurnished
1489634,7297,3,1,2,yes,no,no,no,yes,0,no,unfurnished
4823530,2742,3,0,1,no,no,no,no,no,1,no,semi-furnished
3680226,7249,3,1,0,yes,no,yes,no,no,0,no,furnished
4488813,4248,3,1,1,yes,no,yes,no,no,0,no,semi-furnished
3114571,8501,3,1,2,yes,yes,yes,no,no,0,no,semi-furnished
1161703,1180,1,0,0,no,no,no,no,yes,0,yes,semi-furnished
2250651,6060,3,0,0,yes,no,no,no,no,0,no,semi-furnished
2133254,5499,2,1,1,yes,yes,no,no,no,0,yes,semi-furnished
3944078,4888,3,1,2,yes,no,no,no,no,1,no,furnished
3647524,7103,3,0,1,yes,no,no,no,no,1,no,furnished
6189291,5909,2,2,2,no,yes,yes,no,yes,1,no,furnished
1979157,8358,4,0,0,no,no,yes,yes,no,1,no,semi-furnished
6956587,4786,2,1,1,yes,no,no,no,yes,0,no,furnished
5691543,2656,3,1,3,yes,yes,yes,no,no,0,no,semi-furnished
4028416,4067,3,1,1,yes,no,yes,no,yes,1,no,semi-furnished
3913486,6892,4,1,2,yes,no,no,no,no,2,no,furnished
5990151,2599,3,0,1,yes,no,no,no,no,0,no,semi-furnished
3754015,5308,2,1,3,yes,no,no,no,no,0,no,semi-furnished
4431569,4512,3,2,1,no,no,no,no,yes,0,no,semi-furnished
5363204,6189,2,1,1,yes,no,no,no,no,0,no,semi-furnished
5991021,9313,1,1,1,yes,no,no,no,yes,0,yes,furnished
5187086,4575,2,1,0,yes,no,no,yes,no,0,no,unfurnished
6806102,3736,2,1,1,yes,no,no,no,no,0,no,semi-furnished
6336792,3160,3,1,1,yes,no,yes,no,yes,0,no,furnished
4977503,7474,3,1,2,yes,no,no,no,no,-1,no,unfurnished
7304698,6721,2,0,2,yes,no,yes,no,yes,-1,no,semi-furnished
5174715,7849,4,1,1,yes,no,no,no,no,0,no,semi-furnished
460798,2142,2,1,0,yes,no,no,no,no,2,yes,semi-furnished
496995,4896,3,1,1,yes,no,yes,no,no,0,no,unfurnished
3465267,3341,3,1,0,no,no,yes,no,yes,1,no,semi-furnished
2128601,7954,2,0,1,yes,no,yes,no,no,1,yes,semi-furnished
2423199,2592,3,1,0,no,no,no,no,no,0,no,unfurnished
3806253,2078,3,1,2,yes,no,no,no,no,0,no,furnished
5592251,2472,2,1,1,yes,no,no,no,no,1,no,unfurnished
4123161,6094,2,1,1,yes,no,no,no,no,0,no,semi-furnished
5184339,6881,2,0,1,yes,no,no,no,no,1,no,semi-furnished
5836985,4718,2,1,2,yes,yes,yes,no,no,0,no,unfurnished
2137491,3378,3,2,1,yes,no,no,no,no,0,no,semi-furnished
4109273,4535,3,0,0,yes,no,no,no,no,0,no,unfurnished
3412523,10148,1,0,1,yes,no,yes,no,no,0,no,furnished
3903305,8997,2,1,0,yes,no,yes,no,yes,0,no,semi-furnished
4975018,1635,3,1,1,yes,no,no,no,yes,0,no,furnished
5340060,1676,3,1,0,yes,no,yes,no,no,1,yes,semi-furnished
2512790,7404,2,1,1,no,no,no,no,yes,0,yes,unfurnished
7081756,5128,3,1,2,yes,no,yes,no,no,0,yes,unfurnished
7129507,4424,2,2,3,yes,no,no,no,yes,0,no,semi-furnished
4936570,6429,2,0,2,yes,no,no,no,no,0,no,unfurnished
3001628,535,2,0,2,yes,yes,no,no,no,1,no,furnished
4374436,4385,1,1,2,yes,no,no,no,no,1,yes,furnished
5715626,6929,3,1,2,yes,no,yes,no,yes,0,yes,semi-furnished
7114944,4097,1,1,1,yes,no,no,no,no,0,no,semi-furnished
1142966,4632,3,0,1,yes,yes,yes,no,no,1,no,semi-furnished
7964371,1622,4,1,1,yes,no,yes,no,no,0,yes,furnished
5011189,2686,2,1,1,yes,no,yes,no,no,1,no,unfurnished
6119537,3539,2,1,0,yes,no,no,no,yes,1,yes,unfurnished
6124608,6860,3,1,2,yes,no,yes,no,no,0,no,unfurnished
4154258,2010,3,1,3,yes,no,no,no,yes,0,yes,semi-furnished
4368464,3003,2,1,2,no,yes,no,no,no,2,no,semi-furnished
6194173,1410,2,1,1,yes,yes,no,no,yes,1,no,furnished
4846777,4833,2,2,0,yes,no,no,no,no,0,no,furnished
6202091,6014,4,1,1,yes,yes,no,no,yes,0,yes,furnished
8395230,1889,2,1,1,yes,no,no,no,no,1,no,unfurnished
8372469,6119,4,0,2,yes,no,yes,no,no,0,no,unfurnished
6645685,-509,3,2,0,no,no,no,no,yes,0,no,furnished
4269829,5562,2,1,1,yes,no,no,no,no,1,yes,unfurnished
5786775,6549,3,0,2,yes,no,no,no,yes,0,no,semi-furnished
3255769,2942,2,1,0,no,yes,yes,no,no,0,no,unfurnished
5978817,8006,2,1,2,yes,no,yes,no,no,0,no,semi-furnished
3992274,1946,2,1,3,yes,yes,no,yes,yes,0,yes,unfurnished
3535975,5752,3,1,2,yes,no,yes,no,yes,0,yes,semi-furnished
6108391,2657,3,1,2,yes,no,yes,no,no,0,no,unfurnished
7054443,10605,2,1,1,yes,no,no,no,no,1,no,semi-furnished
5652648,248,1,1,3,yes,no,no,no,no,1,no,unfurnished
1703377,8033,3,1,0,yes,yes,no,no,no,0,no,unfurnished
4110090,4284,2,1,2,yes,no,no,no,no,1,no,semi-furnished
5006641,3774,2,1,1,yes,no,no,no,no,1,no,semi-furnished
7252802,1834,3,0,2,yes,yes,no,no,yes,1,no,furnished
1549648,4564,3,0,2,no,no,no,no,yes,0,no,furnished
4292658,4697,2,1,2,yes,no,no,no,no,1,no,semi-furnished
1771299,4814,3,1,1,yes,no,no,no,no,1,no,semi-furnished
3090801,5498,3,1,1,yes,no,no,yes,yes,-1,no,furnished
3750346,7687,2,1,0,yes,no,yes,no,yes,0,no,furnished
4635242,6957,2,1,0,yes,no,no,no,yes,0,yes,semi-furnished
3157563,3091,2,1,0,yes,yes,no,no,no,0,no,furnished
5594467,2265,3,1,1,no,no,yes,no,yes,1,no,furnished
2508772,5330,2,1,2,yes,yes,no,no,no,1,no,semi-furnished
4320509,4823,3,1,2,yes,yes,no,no,no,2,yes,semi-furnished
4948614,4866,2,1,1,yes,no,yes,no,no,0,no,furnished
5019601,2541,2,0,1,yes,yes,no,no,no,1,yes,semi-furnished
7970895,1535,2,0,1,yes,no,yes,yes,no,0,no,unfurnished
6161319,5902,3,1,1,no,yes,no,no,no,2,no,unfurnished
6220055,4447,2,1,2,yes,yes,yes,no,no,2,no,semi-furnished
2630942,5654,0,1,0,yes,yes,yes,no,yes,0,yes,unfurnished
5192334,4065,2,1,2,no,no,no,yes,no,1,yes,furnished
4929040,4764,3,1,1,yes,yes,yes,no,no,0,no,semi-furnished
5618749,3204,2,0,2,yes,yes,yes,no,no,0,no,unfurnished
9230399,5864,2,1,3,no,no,no,no,no,1,no,furnished
2926174,3791,3,1,1,yes,yes,yes,no,yes,1,no,furnished
3562911,9430,3,1,2,no,no,yes,no,no,0,no,semi-furnished
6663027,1679,2,1,2,yes,no,yes,no,no,0,no,furnished
4253317,3792,4,0,1,yes,no,no,no,no,0,no,semi-furnished
5867563,4597,4,1,2,no,no,no,no,yes,0,no,unfurnished
2899702,2640,2,1,2,yes,no,no,no,no,1,no,unfurnished
3293401,3400,3,1,2,no,no,no,no,no,0,no,furnished
5092957,6282,3,0,0,yes,no,yes,no,no,1,no,semi-furnished
7380969,3977,2,0,2,yes,no,no,no,yes,0,no,unfurnished
5601894,8922,1,1,1,yes,no,no,no,no,0,yes,furnished
5973563,5282,1,0,3,yes,yes,no,no,no,1,no,furnished
2602774,4876,2,1,1,yes,no,yes,no,no,2,no,unfurnished
3544648,5989,3,0,1,yes,no,yes,yes,no,0,no,semi-furnished
546428,5064,3,1,1,no,no,yes,no,no,0,yes,furnished
4176462,5316,2,1,1,yes,no,no,no,no,1,no,semi-furnished
5563124,5739,2,1,0,yes,no,no,no,no,0,no,unfurnished
5067175,4425,3,1,0,yes,no,no,no,no,0,no,unfurnished
3014865,4314,2,1,2,yes,no,no,no,no,0,yes,unfurnished
6532076,6095,2,1,4,yes,no,no,no,no,0,no,semi-furnished
5042962,4507,3,1,1,no,no,no,no,no,0,yes,semi-furnished
4790571,4835,2,0,2,yes,no,no,no,no,0,no,furnished
5054765,3952,2,1,1,yes,no,no,no,no,0,no,semi-furnished
3471184,5185,3,1,1,yes,no,yes,no,no,0,no,furnished
4145610,6195,1,1,3,yes,no,no,no,no,1,no,furnished
6060522,5040,2,0,3,no,no,no,no,yes,0,no,semi-furnished
2975216,6239,2,1,0,yes,no,no,no,yes,0,yes,unfurnished
4787254,8693,2,2,2,yes,no,no,no,yes,0,no,semi-furnished
7033052,5058,4,0,1,yes,no,yes,no,no,1,no,furnished
2575454,5389,2,0,2,yes,no,yes,no,yes,1,no,unfurnished
5151709,7386,2,1,2,yes,no,no,no,no,1,yes,semi-furnished
4460734,2351,2,1,2,yes,no,no,no,no,1,yes,unfurnished
3249073,7750,3,1,2,yes,no,no,no,no,0,yes,unfurnished
5372129,2354,2,1,1,yes,yes,yes,no,no,0,yes,furnished
7701118,4195,2,1,1,yes,no,no,no,yes,0,no,semi-furnished
7916604,8452,2,0,1,yes,no,yes,yes,no,0,no,unfurnished
2881732,6752,4,0,1,yes,no,no,no,yes,0,no,semi-furnished
6653321,6690,3,1,2,yes,no,no,no,yes,0,no,unfurnished
4499811,7025,3,1,1,no,no,no,no,no,1,yes,semi-furnished
2866940,6499,2,1,0,yes,no,no,no,yes,0,no,furnished
6343917,5969,1,1,1,yes,no,yes,no,no,1,no,furnished
5297081,4442,1,0,2,yes,no,no,no,no,1,no,unfurnished
6030272,1376,2,1,2,yes,no,yes,no,no,0,yes,unfurnished
5572550,3617,2,1,2,yes,yes,no,no,no,1,no,semi-furnished
6108833,2723,4,1,2,yes,no,no,no,no,0,no,furnished
7630162,4386,1,1,3,yes,no,no,no,no,1,no,furnished
-31988,4699,4,1,1,yes,yes,no,no,no,0,yes,furnished
1810175,5722,3,1,2,no,no,no,no,no,1,no,unfurnished
6366036,1691,2,1,3,yes,no,yes,no,yes,0,no,unfurnished
5968220,3024,2,1,0,no,no,yes,no,no,0,no,semi-furnished
6050806,8288,3,1,2,yes,no,no,no,yes,0,yes,semi-furnished
4870572,8118,3,0,1,yes,no,no,no,yes,0,yes,furnished
2155616,1964,1,0,3,yes,no,yes,no,no,0,no,furnished
4373136,6221,3,0,0,yes,no,yes,no,no,1,yes,furnished
5806830,1803,2,1,2,yes,no,no,no,no,0,yes,semi-furnished
7683995,5211,2,1,2,no,yes,no,no,no,0,no,semi-furnished
4423010,5132,3,2,1,no,no,no,no,no,1,no,unfurnished
4494554,5253,3,1,1,yes,no,no,no,no,0,no,furnished
4018525,5652,2,0,1,yes,no,yes,no,no,1,no,unfurnished
5214905,4611,2,1,1,yes,no,no,no,no,0,no,furnished
5932292,2163,1,0,0,yes,no,yes,no,no,0,yes,furnished
4694274,8586,2,1,3,yes,no,yes,no,yes,1,no,furnished
3846564,8169,3,1,4,yes,no,no,no,yes,0,no,semi-furnished
3352329,2409,1,1,0,yes,yes,no,no,no,2,no,semi-furnished
4884227,6213,1,0,0,yes,no,yes,no,no,0,no,unfurnished
3182575,2758,3,1,2,yes,no,yes,no,no,0,no,furnished
3543149,1878,2,1,2,no,no,no,no,no,0,no,unfurnished
6088369,5363,2,1,1,yes,no,yes,no,yes,0,no,unfurnished
9079865,3016,2,0,1,yes,no,no,no,no,1,no,semi-furnished
3632500,4062,4,1,1,yes,no,no,no,yes,0,no,semi-furnished
5856680,5333,2,2,3,yes,no,no,no,yes,2,yes,unfurnished
3474113,1648,1,1,2,yes,no,yes,no,yes,0,no,unfurnished
3403758,7562,3,0,1,yes,no,no,no,no,1,yes,unfurnished
6311088,7952,2,0,0,yes,no,no,no,no,0,yes,unfurnished
8443397,6482,2,0,2,no,no,no,no,yes,0,no,semi-furnished
7197086,5920,1,1,2,no,no,yes,no,no,0,yes,furnished
4451035,5005,3,0,0,yes,no,no,no,no,0,yes,unfurnished
4297812,4253,2,1,2,yes,no,yes,no,no,0,yes,unfurnished
3232158,8879,2,1,2,yes,no,no,no,no,0,no,furnished
987736,4294,2,1,1,yes,yes,no,no,no,0,yes,furnished
8118113,7037,2,1,2,yes,no,no,yes,yes,0,no,unfurnished
7897541,4088,4,0,0,yes,yes,no,no,no,0,no,semi-furnished
5500701,8549,2,1,0,yes,no,no,no,yes,0,no,unfurnished
6041715,5609,2,1,0,yes,no,no,no,yes,0,no,semi-furnished
9127278,7575,3,0,2,yes,no,no,no,no,0,no,furnished
4814019,7038,3,1,3,yes,no,yes,no,yes,0,no,semi-furnished
2372728,5392,2,0,2,yes,no,no,no,no,0,no,unfurnished
2840521,4908,2,1,3,yes,no,no,no,yes,1,no,furnished
7674775,5974,2,1,0,no,no,no,no,no,1,no,unfurnished
3834754,3926,2,1,2,yes,no,no,no,yes,1,no,furnished
3936933,9613,4,1,1,yes,no,yes,no,no,0,no,semi-furnished
4362414,2311,3,1,2,yes,no,yes,no,no,0,yes,furnished
2267266,4783,2,1,1,yes,no,yes,no,no,-1,no,unfurnished
4823926,3137,2,1,1,no,no,yes,no,yes,0,yes,semi-furnished
4579872,5043,3,1,3,no,no,no,no,yes,0,yes,unfurnished
5082958,3788,3,0,1,yes,no,yes,no,no,1,no,semi-furnished
2056903,5875,2,0,2,yes,yes,no,no,yes,0,yes,furnished
4237917,6983,1,1,2,no,no,no,no,no,1,yes,furnished
6328645,4226,1,1,1,yes,yes,no,no,no,0,no,furnished
5024997,4846,2,1,2,no,yes,no,no,no,0,no,semi-furnished
8757338,854,2,2,2,yes,no,yes,no,yes,0,no,semi-furnished
6518466,1789,3,1,2,yes,no,yes,no,no,0,no,semi-furnished
5066577,6058,3,0,1,no,no,yes,no,no,0,no,furnished
3987400,8730,2,1,2,yes,no,no,no,no,0,yes,semi-furnished
7176130,5494,4,1,2,no,no,yes,no,no,0,yes,unfurnished
3377962,2548,2,1,1,no,no,no,no,no,0,no,semi-furnished
4865758,6672,3,1,1,yes,no,no,yes,no,0,no,furnished
6017174,6829,3,1,1,no,no,yes,no,no,0,no,unfurnished
3876943,8345,3,0,2,yes,no,no,no,no,0,no,furnished
4805934,3109,3,1,1,no,no,yes,no,no,0,yes,semi-furnished
6325643,7642,2,0,0,yes,yes,no,no,no,0,no,unfurnished
5200147,2850,2,1,1,yes,no,yes,no,no,0,no,furnished
4519290,6103,1,1,2,yes,no,no,no,no,2,no,unfurnished
2278238,6408,3,1,1,yes,no,no,no,no,1,yes,furnished
3131688,4999,3,0,2,yes,no,no,no,yes,0,no,unfurnished
7674394,5399,2,1,2,yes,no,yes,yes,no,1,yes,semi-furnished
5803067,3097,3,0,1,yes,no,no,no,no,0,no,semi-furnished
6485731,4790,2,0,1,no,no,no,no,no,0,no,unfurnished
4159766,2675,2,1,1,yes,no,no,no,no,1,no,semi-furnished
5718994,6415,2,2,1,yes,no,no,no,no,1,no,unfurnished
6639224,4261,2,1,2,yes,no,no,no,no,-1,no,semi-furnished
5158901,4528,3,0,2,yes,yes,no,no,yes,0,yes,semi-furnished
7699512,5846,2,2,1,yes,no,no,no,no,0,no,semi-furnished
6031522,6776,2,1,1,yes,no,no,no,no,1,no,semi-furnished
5440524,2102,3,0,2,yes,no,no,no,no,2,yes,furnished
5929415,8475,2,1,2,yes,no,no,no,no,0,no,unfurnished
7347112,6505,2,1,0,no,yes,no,no,no,0,no,semi-furnished
3667489,7454,2,1,1,yes,no,yes,no,yes,1,no,unfurnished
4758338,5374,3,1,0,no,no,yes,no,no,0,no,unfurnished
3788765,2137,2,0,0,yes,no,no,no,no,-1,no,furnished
4089210,4004,3,0,0,yes,yes,no,no,no,1,no,semi-furnished
2295935,2799,2,0,0,no,no,yes,no,no,0,no,unfurnished
7411008,6332,4,1,2,yes,yes,no,no,yes,0,no,unfurnished
7753282,6799,2,0,0,yes,no,no,no,no,0,no,semi-furnished
4263705,3466,4,1,0,yes,no,no,no,yes,0,no,unfurnished
7861815,888,3,0,1,yes,no,no,no,no,0,no,semi-furnished
5562032,8750,3,2,2,yes,no,no,yes,no,0,no,semi-furnished
4213656,5005,1,0,2,yes,no,no,no,no,0,yes,furnished
5769416,3643,2,1,1,yes,no,yes,no,no,0,no,furnished
6457235,4879,3,1,0,yes,no,yes,no,no,1,no,semi-furnished
6053244,7440,2,2,2,no,yes,yes,no,no,2,yes,furnished
6240262,4726,3,2,3,yes,no,no,no,no,1,no,unfurnished
5887423,7650,4,1,0,yes,no,yes,no,no,0,no,unfurnished
4818231,4378,2,1,0,no,no,no,no,no,0,yes,furnished
5748382,8805,3,0,2,yes,no,no,no,yes,0,no,unfurnished
4766477,4807,4,1,1,yes,no,yes,no,no,1,no,semi-furnished
7875047,3741,3,1,2,yes,no,no,no,no,1,no,furnished
6183591,2971,3,0,2,yes,yes,no,no,no,2,no,unfurnished
3555394,4259,3,1,0,yes,yes,no,no,no,0,no,unfurnished
5359156,3840,4,1,0,yes,yes,no,no,yes,0,no,semi-furnished
4613069,2397,3,0,2,yes,no,no,no,no,0,no,unfurnished
3640132,6693,3,0,1,yes,no,no,no,yes,0,no,unfurnished
7073961,4161,4,1,2,yes,no,yes,no,no,0,no,semi-furnished
6708723,5199,3,1,1,no,no,no,no,yes,0,no,unfurnished
6299048,3780,3,1,1,yes,no,no,no,no,1,no,furnished
6578931,3521,2,1,1,yes,no,yes,no,no,0,no,unfurnished
7994965,3649,3,1,0,yes,no,yes,no,no,0,yes,unfurnished
4280259,6223,2,0,2,yes,no,yes,no,no,1,yes,furnished
7662765,6946,3,0,2,yes,no,no,no,yes,0,no,semi-furnished
5895442,4308,3,1,2,no,no,no,no,no,1,yes,unfurnished
5437428,4987,2,0,1,yes,yes,yes,no,yes,1,yes,semi-furnished
5660754,8694,3,1,2,yes,yes,no,no,yes,1,no,semi-furnished
4760816,2063,4,1,0,yes,no,yes,no,no,0,yes,semi-furnished
5212883,6167,4,1,0,yes,no,no,no,no,0,yes,semi-furnished
5678679,3816,2,1,2,yes,yes,no,no,yes,0,no,semi-furnished
7373900,2072,2,0,2,yes,no,no,no,no,0,yes,furnished
7684683,5684,2,1,1,yes,no,no,no,yes,1,no,semi-furnished
6881596,4964,2,0,1,yes,no,yes,no,no,1,no,semi-furnished
5436858,9658,3,0,0,no,no,yes,no,no,0,no,furnished
10104051,7065,2,1,1,yes,no,yes,no,no,0,no,unfurnished
4175388,8591,2,0,2,yes,no,yes,no,yes,0,no,semi-furnished
6956906,5649,2,0,1,yes,no,yes,no,no,0,no,semi-furnished
6126790,5911,2,1,3,yes,yes,no,no,yes,0,no,semi-furnished
5885964,4666,3,1,0,yes,no,no,no,no,1,no,semi-furnished
6638860,7049,3,0,0,yes,no,yes,no,yes,1,yes,semi-furnished
5977047,13066,3,0,2,yes,no,no,no,no,0,no,furnished
1931203,5328,2,0,2,no,no,no,no,no,1,yes,semi-furnished
3823521,3911,3,1,0,yes,no,no,no,no,1,no,unfurnished
5692481,1856,3,1,1,yes,no,no,no,yes,0,no,semi-furnished
3258144,1358,2,1,3,yes,no,yes,no,no,1,no,unfurnished
3396449,5632,3,1,2,yes,no,no,no,no,0,yes,furnished
5448888,9759,3,1,1,yes,yes,no,no,no,1,no,semi-furnished
7014763,3876,3,1,1,yes,no,no,no,yes,0,no,semi-furnished
3884208,1191,1,1,2,yes,no,yes,no,no,1,no,semi-furnished
4490905,4466,3,0,3,yes,no,no,yes,no,0,no,semi-furnished
5898330,5159,3,2,1,yes,no,yes,no,no,2,no,semi-furnished
5846678,5714,1,0,1,yes,no,yes,no,no,0,yes,furnished
6953281,3878,3,0,2,yes,yes,no,no,yes,0,no,furnished
2982349,7475,2,0,1,yes,no,no,no,yes,0,no,furnished
3574859,5313,3,1,0,yes,no,yes,no,no,0,no,furnished
6562582,5271,3,0,1,yes,no,no,no,yes,0,yes,semi-furnished
5139342,5245,1,1,1,yes,no,no,no,no,1,no,semi-furnished
2426357,3164,2,1,2,yes,no,no,no,yes,2,yes,semi-furnished
5906905,4397,3,1,2,yes,yes,no,no,no,2,no,semi-furnished
4400914,3766,2,0,0,yes,no,no,no,yes,0,no,unfurnished
3757611,6226,5,0,2,yes,no,yes,no,no,1,no,semi-furnished
4776789,2054,2,1,2,yes,yes,no,no,no,0,no,semi-furnished
2266505,8680,3,0,0,yes,no,no,yes,yes,2,yes,semi-furnished
1805044,3872,4,2,0,yes,no,yes,no,no,1,no,furnished
7386875,3101,3,1,2,no,no,no,no,no,0,no,unfurnished
5503924,5090,3,1,2,no,no,yes,no,no,0,no,unfurnished
5747516,4393,2,0,0,yes,yes,no,no,no,0,yes,unfurnished
789705,7147,2,1,2,yes,no,no,no,yes,1,no,unfurnished
2518697,4161,2,1,2,no,no,yes,no,no,1,no,unfurnished
5346712,4426,3,1,1,yes,no,no,no,no,1,yes,semi-furnished
6718326,4229,3,1,2,yes,no,yes,no,yes,1,no,furnished
5358748,7092,2,1,2,yes,no,no,no,yes,0,no,furnished
4205984,3224,2,0,2,no,yes,no,no,yes,1,no,unfurnished
1505472,8138,3,1,3,yes,no,no,no,yes,0,no,furnished
2422543,6989,1,1,3,yes,no,no,no,no,2,no,unfurnished
3937756,6006,3,1,2,yes,yes,no,no,no,-1,yes,semi-furnished
5300704,2493,2,1,2,no,no,no,no,no,0,yes,furnished
4084424,5583,3,1,1,no,no,yes,no,yes,0,no,semi-furnished
3476683,6000,2,1,3,yes,no,no,no,yes,0,no,furnished
4932071,8068,1,1,1,yes,no,no,no,no,0,no,semi-furnished
4730712,5560,2,2,1,no,yes,no,no,no,1,no,furnished
3448848,3916,3,1,1,yes,no,no,no,no,2,yes,semi-furnished
4187016,2893,1,0,2,yes,no,no,no,no,0,yes,semi-furnished
6485160,4811,3,1,0,yes,no,no,no,no,0,no,semi-furnished
6980512,7701,2,0,2,yes,no,no,no,no,1,yes,unfurnished
6176892,6055,1,2,1,yes,no,no,no,yes,0,no,furnished
2959723,5652,2,0,2,yes,no,no,no,yes,0,no,unfurnished
7828331,7099,2,1,1,yes,no,yes,no,no,-1,yes,unfurnished
3476362,3884,3,1,3,yes,no,no,no,yes,0,no,unfurnished
5981551,3963,3,1,1,yes,no,yes,no,no,0,no,unfurnished
7211366,5410,2,0,1,yes,yes,yes,no,yes,0,no,unfurnished
4861216,5364,1,1,1,yes,no,no,no,yes,2,yes,furnished
4578575,8562,4,1,1,yes,yes,no,no,no,1,no,unfurnished
5686102,4315,2,1,1,yes,no,no,no,no,1,no,semi-furnished
1732692,5896,4,1,2,yes,no,no,no,yes,2,no,semi-furnished
2914895,260,1,1,3,yes,no,no,no,no,2,no,semi-furnished
1449812,10441,3,1,2,yes,no,yes,no,yes,0,no,furnished
8154016,6339,3,2,1,yes,no,no,no,no,0,no,furnished
8981174,3297,5,1,0,yes,no,yes,no,no,1,no,unfurnished
4543878,6082,1,1,1,yes,no,no,no,yes,0,no,unfurnished
5432413,5938,2,2,0,yes,no,no,no,no,0,no,semi-furnished
5730185,5071,1,1,1,yes,no,no,no,no,1,no,semi-furnished
4848191,2320,2,1,2,yes,no,no,no,yes,0,yes,unfurnished
4459112,4948,3,1,2,yes,no,no,no,no,0,no,semi-furnished
5231467,5188,2,0,0,yes,no,no,yes,yes,0,no,semi-furnished
4062126,4401,4,1,1,yes,no,no,no,yes,0,no,semi-furnished
6378816,6215,1,1,1,yes,no,yes,no,yes,1,no,semi-furnished
6046043,6274,3,0,2,yes,yes,no,no,no,0,no,furnished
2743687,3401,3,1,0,no,no,yes,no,no,0,yes,semi-furnished
4691461,4791,2,1,2,yes,no,no,no,no,-1,no,furnished
2265911,7200,3,1,1,yes,no,yes,no,no,0,no,semi-furnished
5304640,10830,2,0,1,yes,no,yes,no,yes,0,no,semi-furnished
7176911,7439,2,0,2,yes,no,no,no,no,0,yes,semi-furnished
4354727,3126,2,2,0,yes,no,yes,no,no,0,no,furnished
4858563,5595,2,1,2,yes,no,no,no,no,0,yes,semi-furnished
3414602,6336,2,1,2,yes,no,yes,no,no,1,no,semi-furnished
4602119,6334,2,1,1,yes,no,yes,no,no,0,no,furnished
5109669,4911,3,1,0,yes,no,yes,no,no,2,no,semi-furnished
1050374,5019,2,0,2,yes,yes,yes,no,no,2,no,unfurnished
5379134,7189,2,1,2,yes,no,no,no,yes,1,yes,semi-furnished
4974111,3838,5,1,1,yes,no,no,no,yes,1,no,unfurnished
4753768,5150,2,1,2,yes,no,yes,no,yes,1,no,furnished
5358512,6213,3,1,3,yes,no,yes,no,no,0,no,semi-furnished
3169703,4230,4,0,1,yes,no,no,no,no,0,no,furnished
4875580,7241,3,1,1,yes,no,no,no,no,2,no,semi-furnished
9310741,7993,2,1,2,no,no,yes,no,yes,0,yes,semi-furnished
4224545,6706,1,1,2,yes,no,no,no,no,1,no,semi-furnished
4576294,2843,4,1,1,no,no,no,no,no,1,no,furnished
4748227,2061,2,1,1,no,no,yes,no,no,1,yes,furnished
2685383,2316,2,0,1,yes,yes,no,no,no,0,no,semi-furnished
7001927,6942,3,1,2,yes,no,no,no,no,1,no,unfurnished
7671620,6098,3,1,1,yes,yes,yes,no,no,0,yes,unfurnished
5292937,4464,3,0,0,yes,no,no,no,no,0,no,unfurnished
4050215,2443,2,0,0,yes,no,yes,no,no,1,no,semi-furnished
7763326,3038,3,1,0,yes,yes,no,no,no,1,no,unfurnished
3844174,5008,2,0,1,yes,no,yes,no,no,0,yes,semi-furnished
5184411,6558,3,1,2,yes,no,yes,no,no,-1,yes,unfurnished
4258903,6596,2,1,3,no,no,yes,yes,no,0,no,unfurnished
4209824,2131,3,0,1,yes,no,no,no,no,1,no,semi-furnished
3635386,2227,2,1,1,yes,no,no,no,yes,1,yes,semi-furnished
6257614,6547,2,2,2,yes,yes,yes,no,no,0,no,furnished
5828360,6353,2,1,2,no,no,no,no,no,1,no,unfurnished
4254019,5077,3,1,0,yes,yes,yes,no,no,0,yes,semi-furnished
5376335,9011,2,1,2,yes,no,no,no,no,0,no,semi-furnished
5848559,7692,3,0,4,no,no,no,no,no,0,yes,unfurnished
3362043,7456,2,1,1,yes,no,no,no,no,0,no,semi-furnished
5827183,8961,3,0,3,no,no,no,no,no,0,no,semi-furnished
3739082,2394,2,1,1,yes,no,yes,no,no,1,no,semi-furnished
3340278,3611,2,0,2,yes,yes,no,no,no,0,no,semi-furnished
3143637,2,2,1,2,yes,no,yes,no,yes,0,no,unfurnished
5963820,2961,2,1,1,yes,no,yes,no,yes,0,no,semi-furnished
7373255,10325,1,1,1,yes,no,no,no,no,0,no,unfurnished
1497087,5921,1,0,2,yes,no,no,no,yes,0,no,furnished
2161709,3576,2,1,1,yes,no,yes,no,yes,1,yes,furnished
3266261,3047,3,1,2,yes,yes,no,no,yes,1,no,semi-furnished
8405292,3106,3,1,1,yes,no,no,no,no,0,no,semi-furnished
5014713,8567,2,1,1,no,no,yes,no,no,1,no,semi-furnished
3348073,5737,2,1,1,yes,no,yes,no,no,0,yes,furnished
3299429,9058,3,1,2,yes,no,no,yes,no,0,no,semi-furnished
7812082,4029,2,1,1,yes,yes,yes,no,no,0,no,furnished
5435916,4584,2,0,1,yes,no,no,no,no,1,no,furnished
4739423,7674,2,1,1,yes,no,no,no,no,0,no,unfurnished
6459030,2293,2,1,2,yes,no,no,no,no,0,no,unfurnished
6613770,6368,2,1,1,yes,no,no,no,no,0,no,semi-furnished
-1217150,3923,2,1,1,yes,no,yes,no,no,0,no,semi-furnished
4943160,6413,2,1,2,yes,yes,yes,no,no,0,no,semi-furnished
6351178,1284,3,0,2,yes,no,yes,no,no,0,yes,furnished
3507515,3424,2,1,3,yes,yes,no,no,no,-1,no,unfurnished
8464350,6266,3,0,1,yes,no,yes,no,no,1,no,semi-furnished
4556688,2643,4,0,1,yes,no,yes,no,no,0,yes,unfurnished
7899817,7207,3,0,1,yes,no,no,no,yes,1,no,furnished
1811907,6390,2,1,1,yes,no,no,no,no,1,no,furnished
3966700,2184,3,0,1,yes,no,yes,no,no,1,yes,unfurnished
4806243,3688,3,1,1,yes,no,no,no,no,0,no,unfurnished
5665013,6514,2,1,1,yes,no,yes,no,no,0,no,semi-furnished
5755307,6331,2,1,2,yes,no,no,no,no,0,no,unfurnished
3783388,6392,2,0,1,yes,no,no,no,no,0,yes,furnished
6426148,3847,2,0,1,yes,no,no,no,no,-1,no,furnished
2972474,5797,4,0,2,yes,yes,yes,no,no,1,yes,unfurnished
7680288,5397,3,0,3,yes,no,no,no,yes,1,no,unfurnished
5186914,7409,2,1,1,yes,no,no,no,no,1,no,unfurnished
7265058,7877,3,1,3,yes,no,yes,no,yes,-1,no,unfurnished
2219329,6542,3,1,1,yes,no,no,no,yes,1,no,furnished
6894437,4099,3,0,2,yes,no,no,no,no,0,yes,semi-furnished
5843706,5020,3,1,2,yes,no,no,no,no,0,no,unfurnished
7939385,4815,2,1,2,yes,no,no,no,yes,0,no,furnished
4146344,8447,3,2,0,yes,no,no,no,yes,2,no,unfurnished
7204763,3973,2,1,1,yes,no,yes,no,yes,1,no,furnished
1542236,7031,3,1,2,yes,yes,yes,no,no,0,no,semi-furnished
3854823,5930,1,0,1,yes,no,no,no,no,1,no,semi-furnished
6636943,5465,2,1,0,yes,no,no,no,yes,1,no,furnished
6679323,3177,3,1,1,yes,yes,no,no,no,0,no,unfurnished
5057529,2714,2,1,1,yes,yes,no,no,yes,0,no,unfurnished
3921343,9125,3,1,2,yes,no,no,no,no,0,no,furnished
3014666,3310,2,2,1,yes,no,no,no,yes,0,no,furnished
4195617,6676,2,0,0,yes,no,no,no,yes,0,yes,semi-furnished
7821388,2773,2,2,2,yes,no,no,no,no,0,no,furnished
5004840,7492,3,1,0,yes,yes,yes,no,no,1,yes,semi-furnished
6649551,8211,2,2,4,yes,yes,no,no,yes,-1,no,unfurnished
8629414,3345,3,1,3,yes,no,no,no,no,0,yes,furnished
249126,3791,4,1,1,no,no,yes,no,no,0,no,semi-furnished
4803491,6710,2,0,1,yes,yes,no,no,no,0,yes,furnished
3893878,8098,3,0,1,yes,yes,no,no,no,1,yes,furnished
4956507,1338,4,1,0,yes,yes,yes,no,yes,0,no,unfurnished
5116978,6209,2,0,1,yes,no,no,no,no,0,no,semi-furnished
3350250,2481,3,1,1,yes,no,no,yes,no,0,no,semi-furnished
2582896,5145,3,1,3,no,no,yes,no,yes,0,no,unfurnished
5013887,6517,3,1,1,yes,no,yes,no,no,1,no,semi-furnished
5065352,3722,2,1,1,yes,yes,no,no,no,1,no,unfurnished
5461676,5832,2,1,2,yes,no,no,no,no,0,no,semi-furnished
6166342,4352,3,0,2,no,no,no,no,yes,1,yes,semi-furnished
3765128,4746,1,1,1,yes,no,no,yes,no,0,no,furnished
1100445,6183,3,1,1,yes,no,yes,no,no,0,no,semi-furnished
7154054,3793,2,0,1,yes,no,no,no,no,0,no,unfurnished
10365114,1909,2,1,0,yes,no,yes,no,no,1,no,semi-furnished
4680042,3046,2,0,2,yes,no,no,no,no,0,no,semi-furnished
-975930,8972,3,1,2,yes,no,no,no,no,1,no,furnished
2513377,6385,3,1,2,yes,no,no,no,no,0,yes,semi-furnished
6907139,5607,2,1,2,yes,yes,no,no,yes,1,yes,unfurnished
4379386,9734,2,1,0,yes,no,no,no,no,0,no,semi-furnished
1098857,7490,2,1,1,yes,yes,no,no,no,0,no,furnished
5891745,7254,2,1,1,yes,no,no,no,no,1,yes,furnished
2699047,10164,2,1,1,yes,no,yes,no,yes,0,no,unfurnished
1975272,5062,2,1,2,yes,no,yes,no,no,0,no,furnished
3446829,4922,4,0,1,yes,no,yes,no,no,0,no,unfurnished
3607420,3731,3,1,2,yes,no,yes,no,yes,1,no,semi-furnished
4504713,6532,2,1,1,no,no,no,no,yes,1,no,furnished
3558063,4000,3,1,0,yes,no,yes,no,no,1,no,furnished
975537,7184,3,1,0,yes,no,no,no,no,0,no,unfurnished
6157857,4286,2,0,1,yes,no,no,no,no,1,no,semi-furnished
5561101,8601,2,0,1,yes,no,no,no,no,0,no,furnished
3558412,2819,3,1,1,yes,no,yes,no,yes,0,no,unfurnished
4193116,2845,2,0,1,yes,no,yes,no,yes,0,yes,furnished
4541668,3955,1,1,0,yes,no,no,no,no,1,no,unfurnished
4034234,2685,2,1,1,yes,yes,no,no,no,1,no,semi-furnished
8694207,6344,3,0,2,yes,no,yes,no,yes,1,yes,semi-furnished
6924522,2882,3,1,1,no,no,no,no,no,0,no,furnished
3226887,7863,3,1,2,yes,no,yes,no,no,0,no,semi-furnished
5553075,6202,2,1,2,no,no,yes,no,yes,0,no,furnished
3627906,711,4,0,2,yes,no,no,no,yes,0,no,semi-furnished
5597308,7880,3,2,1,yes,no,yes,no,no,0,no,furnished
4756096,5189,2,1,2,yes,no,yes,no,no,1,no,unfurnished
3564710,6676,3,2,2,yes,no,no,no,no,1,no,furnished
4641389,4202,3,0,1,yes,no,yes,no,no,0,no,unfurnished
3774966,4314,2,1,1,yes,no,no,no,no,0,yes,furnished
789900,2167,2,0,2,yes,yes,no,no,no,1,no,unfurnished
3706786,7777,3,1,2,yes,no,yes,no,yes,0,no,semi-furnished
4133123,4737,1,0,1,yes,no,yes,no,yes,0,no,unfurnished
4512234,1182,2,0,2,no,no,no,no,no,0,no,semi-furnished
4471833,4036,3,0,3,yes,no,yes,no,no,1,no,semi-furnished
6062143,7372,3,1,1,no,no,yes,no,no,2,yes,semi-furnished
6439258,4792,3,2,0,yes,no,no,no,no,-1,no,unfurnished
6585651,5597,2,1,1,yes,no,no,no,no,0,no,unfurnished
8594794,3586,3,0,2,yes,yes,no,no,yes,1,no,unfurnished
3999653,6838,2,1,2,yes,no,no,no,yes,0,no,semi-furnished
7512457,4688,2,1,3,yes,no,no,no,no,0,no,semi-furnished
4778761,3415,2,1,1,yes,no,no,no,yes,0,no,unfurnished
4533592,4991,2,1,0,yes,no,yes,no,yes,-1,no,furnished
4748400,3508,3,1,1,yes,no,yes,no,yes,1,no,unfurnished
8596204,6273,2,1,0,yes,no,yes,no,yes,0,yes,unfurnished
3506189,4536,1,1,0,no,yes,no,no,no,0,yes,semi-furnished
5101226,4093,1,0,0,no,no,no,no,no,1,no,furnished
4466778,4581,3,1,1,yes,no,yes,no,no,2,no,unfurnished
4701368,8294,3,1,0,yes,no,no,no,no,0,no,semi-furnished
3378362,6209,3,0,1,yes,no,yes,no,no,0,no,semi-furnished
7310025,5674,3,1,1,yes,no,no,no,no,1,no,semi-furnished
1919521,5762,3,1,1,yes,yes,no,yes,no,0,no,furnished
5176700,3874,2,0,2,yes,no,yes,no,no,1,no,semi-furnished
3795132,4232,2,1,1,yes,no,no,no,no,0,no,semi-furnished
3175420,2705,3,0,0,yes,no,yes,yes,no,0,yes,unfurnished
5996108,3751,3,1,0,yes,no,yes,no,no,1,no,unfurnished
3986756,4222,3,1,1,yes,yes,no,no,no,1,no,furnished
1095825,6953,3,0,1,yes,no,yes,no,yes,0,no,furnished
5973012,7670,2,1,3,yes,no,no,no,yes,0,yes,unfurnished
4219455,3205,2,1,2,no,no,no,no,no,0,yes,unfurnished
5753103,4491,2,1,2,yes,no,no,no,yes,0,no,semi-furnished
4637058,10778,4,1,1,yes,no,yes,no,no,0,no,semi-furnished
60298,6060,2,1,1,yes,yes,no,no,no,0,no,furnished
8301783,8450,2,1,3,no,no,yes,no,yes,0,no,unfurnished
4479578,5074,1,2,2,yes,no,yes,no,no,-1,no,semi-furnished
3974530,3865,3,0,2,yes,no,no,no,no,1,no,furnished
5992969,2235,2,2,2,yes,yes,no,no,no,1,no,semi-furnished
5079579,6657,2,0,1,yes,no,no,no,yes,0,yes,unfurnished
3634660,4382,3,1,0,no,no,no,no,yes,0,no,semi-furnished
2633195,8096,3,1,1,yes,no,no,no,no,0,no,unfurnished
6115612,5284,3,1,2,yes,no,no,no,no,0,no,semi-furnished
4142434,2404,2,0,2,yes,no,no,no,no,1,no,semi-furnished
5592968,9466,2,1,1,yes,yes,no,no,no,0,no,unfurnished
4977586,4457,3,0,1,yes,no,yes,yes,yes,0,yes,semi-furnished
7016706,7259,2,1,2,yes,yes,yes,no,yes,2,no,semi-furnished
3062327,3551,2,1,1,yes,no,no,no,no,0,yes,semi-furnished
3741896,6221,3,1,1,yes,no,no,no,no,0,no,semi-furnished
3210893,7812,2,1,3,yes,no,yes,no,yes,0,no,semi-furnished
4501032,260,3,1,2,no,no,yes,no,no,0,no,unfurnished
6805136,5717,1,0,2,yes,no,yes,yes,no,1,no,semi-furnished
6031610,4649,4,1,1,yes,no,yes,no,yes,0,no,semi-furnished
2820031,1855,3,1,2,no,no,no,no,yes,0,no,furnished
5334377,4320,3,0,2,yes,no,yes,no,no,0,no,furnished
2709704,6018,3,1,1,yes,yes,yes,yes,yes,0,no,unfurnished
3192510,7460,2,0,0,yes,yes,yes,no,no,1,no,semi-furnished
8888594,2026,4,1,1,yes,no,no,no,yes,0,no,semi-furnished
2239195,7363,3,1,1,yes,no,no,no,no,0,no,unfurnished
3981873,4768,2,0,2,yes,no,no,no,no,0,no,unfurnished
3704855,4041,3,1,3,yes,no,no,no,no,0,no,unfurnished
4498780,6719,3,0,2,yes,no,yes,no,no,1,no,semi-furnished
6466690,9488,3,1,2,yes,no,no,no,no,-1,no,semi-furnished
4993969,6240,2,1,2,yes,no,yes,no,yes,0,no,semi-furnished
4335252,5650,1,1,2,yes,no,yes,no,no,1,no,semi-furnished
1482027,5393,1,1,2,yes,no,yes,no,no,0,no,semi-furnished
6406209,4893,2,1,1,yes,no,yes,no,yes,0,no,furnished
5996914,4386,3,1,3,yes,no,yes,no,yes,0,no,semi-furnished
1978746,6793,3,1,0,yes,no,no,no,no,0,no,unfurnished
1985424,6825,3,1,0,yes,no,no,no,no,0,no,furnished
4551705,3771,3,1,1,yes,no,no,no,yes,-1,no,semi-furnished
8139164,3783,2,1,0,yes,no,no,yes,no,-1,yes,furnished
7334415,5130,4,0,1,yes,no,no,no,no,1,no,unfurnished
6234173,9620,2,1,1,yes,no,no,no,no,0,no,semi-furnished
6333155,2151,2,1,1,yes,no,no,no,no,1,no,unfurnished
6774491,5065,1,1,1,yes,yes,yes,no,no,0,yes,semi-furnished
7098494,5557,2,1,1,yes,no,no,no,no,1,no,furnished
9704413,5093,3,0,1,yes,no,no,no,no,1,yes,furnished
5201647,8251,1,1,3,yes,no,no,no,no,0,no,unfurnished
3164876,4058,2,1,2,yes,no,yes,no,no,0,no,unfurnished
3621796,5142,2,1,1,yes,no,no,no,no,0,no,unfurnished
6533608,4014,1,1,3,yes,no,no,no,no,0,yes,unfurnished
8885006,6531,2,1,2,yes,no,yes,no,no,1,yes,furnished
7449076,5604,1,2,0,yes,no,yes,no,no,1,yes,furnished
1781154,4969,3,1,0,yes,yes,no,no,no,1,yes,unfurnished
6605157,0,2,0,1,yes,yes,yes,no,yes,0,no,furnished
3815905,6326,4,1,4,yes,no,no,no,yes,0,no,unfurnished
3416917,5650,3,1,1,yes,no,yes,no,no,1,yes,unfurnished
4402007,5977,3,0,1,yes,no,no,no,no,0,no,unfurnished
3516398,8829,1,0,1,yes,no,no,no,yes,1,no,furnished
7236198,1734,2,0,1,yes,yes,yes,no,yes,0,no,unfurnished
4711066,4723,3,1,1,yes,yes,no,no,yes,0,yes,unfurnished
6239946,3230,3,0,0,yes,yes,yes,no,no,0,no,semi-furnished
6225767,5314,2,1,1,yes,no,no,yes,no,1,no,unfurnished
2771310,9298,2,0,0,no,yes,no,no,no,1,yes,furnished
2399901,4485,2,1,3,yes,no,yes,no,no,1,no,semi-furnished
6066703,9207,3,0,2,yes,no,no,no,no,0,yes,semi-furnished
6731929,5143,2,0,2,yes,no,no,no,yes,0,no,semi-furnished
6931420,3960,2,1,1,yes,yes,yes,no,yes,0,no,unfurnished
1441484,2562,3,1,1,no,no,yes,no,no,0,no,semi-furnished
3878655,-201,2,1,3,yes,no,no,no,no,0,yes,unfurnished
-571333,6086,3,1,1,yes,no,no,no,no,0,no,unfurnished
4773911,4234,3,1,3,yes,no,yes,no,no,1,no,furnished
4415513,6701,2,1,2,yes,no,yes,no,no,0,no,semi-furnished
2657106,3866,2,0,1,yes,no,no,yes,no,0,yes,semi-furnished
5043903,3044,4,1,1,yes,yes,no,no,yes,1,no,unfurnished
5004244,6131,2,1,2,yes,no,no,no,yes,1,no,semi-furnished
3398528,7570,3,1,2,yes,no,no,no,no,1,yes,semi-furnished
4587965,6083,2,1,0,yes,no,no,no,no,0,no,unfurnished
4784189,3065,2,0,3,yes,no,no,no,no,0,yes,unfurnished
462547,6141,2,1,0,yes,no,yes,no,no,0,yes,semi-furnished
6494231,4360,3,1,1,yes,no,no,no,yes,0,no,unfurnished
4294670,2006,3,1,2,yes,no,no,no,yes,0,no,unfurnished
3144872,1664,3,1,2,yes,yes,no,no,no,0,no,semi-furnished
7334871,6647,2,1,3,yes,no,no,no,no,0,no,semi-furnished
3747357,3361,2,1,2,no,no,yes,no,yes,1,yes,furnished
2685214,1620,2,0,2,yes,no,no,no,yes,0,no,unfurnished
4097884,6689,3,0,0,yes,no,no,no,no,0,yes,furnished
4055515,5865,3,1,1,yes,no,yes,no,yes,0,no,unfurnished
3663339,4064,4,1,2,yes,no,no,no,no,0,no,semi-furnished
8849267,7725,2,2,0,yes,no,no,no,yes,0,no,semi-furnished
5948522,5023,1,1,0,yes,no,no,yes,no,1,no,furnished
5046680,9032,3,1,4,yes,no,yes,no,no,0,no,furnished
8506972,4535,3,2,0,yes,no,yes,no,yes,0,no,unfurnished
2813872,4916,3,1,0,no,no,no,no,no,0,no,unfurnished
4584596,6939,2,0,2,yes,no,no,no,yes,2,no,semi-furnished
4169606,7124,2,1,1,yes,no,no,no,no,0,no,semi-furnished
6633489,3519,2,1,1,no,no,yes,no,no,0,no,furnished
2628231,6356,2,1,1,yes,no,no,no,no,1,no,unfurnished
5600199,3899,4,1,3,yes,no,no,no,no,0,no,semi-furnished
2368746,6542,2,0,2,no,no,no,no,no,0,no,unfurnished
5536358,3293,2,1,2,yes,no,yes,no,no,0,yes,semi-furnished
5256873,5223,1,1,1,yes,no,yes,no,no,0,no,unfurnished
2063697,6212,3,0,3,yes,no,yes,no,no,1,yes,unfurnished
5005014,6768,3,1,1,yes,no,no,no,no,0,no,semi-furnished
5843217,3861,2,1,3,yes,no,yes,no,yes,1,yes,semi-furnished
6122750,6600,1,1,0,yes,yes,no,no,yes,1,yes,semi-furnished
7588247,4833,2,1,1,yes,no,no,no,yes,0,no,unfurnished
3867419,5790,2,1,1,yes,yes,no,no,no,1,yes,semi-furnished
10383219,4622,2,1,1,no,no,no,no,no,1,yes,semi-furnished
3270924,-840,2,1,3,yes,yes,no,no,no,0,yes,semi-furnished
2693623,6203,2,1,1,yes,no,yes,no,no,0,no,unfurnished
3069139,2768,3,1,2,yes,no,yes,no,no,0,no,unfurnished
4996668,4802,2,1,1,yes,no,no,no,no,0,no,semi-furnished
2885117,3149,2,1,2,yes,no,yes,no,no,1,no,furnished
2886126,6992,3,0,0,yes,no,no,no,yes,1,yes,unfurnished
4533835,5899,2,0,0,no,no,no,no,no,1,yes,unfurnished
6899323,4544,1,1,2,yes,no,no,no,no,0,no,unfurnished
6135477,5803,4,2,3,yes,no,yes,no,no,0,no,unfurnished
5496854,3055,3,0,1,yes,no,no,no,no,0,no,furnished
3963270,7032,2,1,2,yes,no,yes,no,yes,1,yes,unfurnished
5584076,8486,3,1,1,yes,no,yes,no,no,1,no,semi-furnished
3112651,3361,2,1,2,yes,no,no,no,no,0,no,unfurnished
4420529,5978,3,0,2,yes,no,no,no,no,0,no,semi-furnished
2431117,5534,3,0,0,yes,yes,no,no,yes,0,no,semi-furnished
8312002,5534,2,1,2,yes,yes,no,no,no,0,no,unfurnished
2745235,5418,2,1,1,no,no,no,no,no,0,no,unfurnished
4515862,2513,3,1,0,yes,no,no,no,no,2,no,furnished
2295780,7588,2,0,3,yes,yes,no,no,no,0,no,semi-furnished
5506208,5810,2,1,3,no,no,yes,no,yes,2,no,semi-furnished
6247775,4821,3,1,0,yes,yes,no,no,no,0,no,semi-furnished
4294465,2649,3,0,2,yes,no,no,no,no,0,no,unfurnished
1894035,5151,2,1,1,yes,no,no,no,yes,2,yes,furnished
4989732,7145,2,1,2,yes,no,no,no,no,0,no,unfurnished
5348854,5071,1,1,0,yes,no,yes,no,no,2,no,unfurnished
4724413,3037,3,1,1,yes,no,no,no,no,1,yes,semi-furnished
2282559,9381,2,0,1,yes,yes,yes,no,no,1,no,semi-furnished
4024453,6001,4,1,1,yes,no,no,no,no,1,no,furnished
5309787,3178,2,1,0,yes,no,no,no,no,1,yes,unfurnished
7625308,5232,4,2,3,yes,yes,no,no,no,0,no,furnished
5809837,3692,1,1,2,yes,no,yes,no,no,0,yes,unfurnished
3023830,5645,3,0,1,yes,no,no,yes,no,0,no,unfurnished
5172597,3838,3,1,1,yes,no,yes,no,yes,-1,yes,furnished
4402652,7770,3,0,2,yes,no,no,no,no,0,no,semi-furnished
1208808,6146,1,1,0,yes,no,no,no,no,0,no,semi-furnished
3448846,7474,2,0,2,yes,no,no,no,no,1,no,unfurnished
5747583,6797,3,1,1,yes,no,yes,no,no,1,no,furnished
8627621,8388,1,0,2,yes,no,no,no,yes,0,no,semi-furnished
6447498,3291,3,2,1,yes,yes,no,no,no,1,no,furnished
3451314,6488,2,1,2,yes,no,yes,no,no,0,yes,unfurnished
5408474,6319,3,1,1,no,no,no,no,no,0,no,semi-furnished
3328789,6544,2,0,1,no,no,no,no,yes,0,no,unfurnished
7789119,7608,2,0,1,yes,yes,no,no,no,0,yes,semi-furnished
5495688,2907,2,1,1,yes,no,yes,no,no,0,yes,semi-furnished
2912826,5334,2,1,0,yes,no,yes,no,no,-1,no,semi-furnished
3697484,4956,2,0,2,yes,no,yes,no,no,0,no,semi-furnished
5925428,3685,4,1,1,yes,no,yes,no,no,0,yes,furnished
2387783,7870,2,2,1,yes,no,yes,no,yes,0,no,unfurnished
3449143,7916,3,2,0,yes,no,no,no,no,1,no,unfurnished
4154519,7442,3,0,2,yes,no,no,no,yes,0,no,furnished
5154142,5444,2,0,0,yes,no,no,no,no,1,no,semi-furnished
5273251,8697,3,1,0,yes,yes,no,no,no,0,no,semi-furnished
4688095,6685,2,1,1,yes,no,yes,no,yes,0,yes,furnished
5845002,1168,1,1,1,yes,no,no,no,no,0,no,furnished
6214939,9827,1,0,1,yes,no,yes,no,no,0,no,furnished
5828741,3580,1,1,0,yes,no,no,no,yes,0,no,semi-furnished
4835740,1678,2,1,1,yes,no,no,no,yes,0,no,furnished
4619907,4080,2,0,2,yes,no,yes,no,no,1,no,semi-furnished
676728,7514,2,1,0,yes,no,no,no,yes,2,no,semi-furnished
5400418,5449,3,1,2,yes,no,no,no,no,0,yes,semi-furnished
5669964,5852,3,1,1,yes,no,yes,no,no,0,no,unfurnished
2053095,3515,3,1,2,no,no,yes,no,no,0,no,semi-furnished
9979284,7789,3,0,1,yes,no,no,no,no,0,no,unfurnished
4778260,5255,1,1,2,yes,no,no,no,no,0,no,semi-furnished
4297192,4484,4,1,3,yes,no,yes,no,no,0,no,semi-furnished
5267287,5017,2,0,3,yes,yes,no,no,yes,0,no,unfurnished
4113942,5292,2,2,2,yes,no,no,no,no,0,no,unfurnished
6579856,8216,3,2,0,yes,yes,yes,no,no,1,no,unfurnished
396343,4757,3,1,0,no,no,no,no,no,1,no,unfurnished
3852183,2528,2,1,0,yes,no,no,yes,no,0,no,unfurnished
6629227,3341,3,1,2,yes,no,yes,no,no,0,no,semi-furnished
3280183,3197,3,1,3,yes,no,no,no,no,2,no,unfurnished
2274242,4720,3,0,0,yes,no,yes,no,no,1,no,unfurnished
2513476,4261,3,1,2,yes,yes,no,no,yes,0,no,unfurnished
5334740,4645,1,1,0,yes,no,no,no,no,1,no,unfurnished
6989802,3871,2,0,2,yes,yes,yes,no,no,0,no,furnished
3898665,4478,3,1,1,yes,no,no,no,no,0,no,furnished
783342,4578,2,2,3,yes,no,no,no,yes,0,no,furnished
7267835,4873,4,0,2,yes,no,yes,no,no,0,no,unfurnished
7712113,2773,2,0,1,yes,no,no,no,yes,0,no,unfurnished
4671253,3202,2,2,1,yes,no,no,no,yes,0,no,unfurnished
4022992,2109,3,2,1,yes,no,no,no,no,0,no,furnished
7709830,6182,3,0,2,yes,no,no,no,yes,1,no,semi-furnished
6258310,4782,2,1,0,yes,no,no,no,no,1,no,furnished
5378432,2309,2,1,2,yes,no,yes,no,yes,0,no,semi-furnished
4632927,8323,2,0,2,yes,no,no,no,yes,0,no,unfurnished
3175617,3508,3,0,1,no,yes,no,no,yes,0,no,unfurnished
4668266,4915,2,1,1,yes,no,no,no,yes,1,yes,furnished
3356546,5348,2,1,2,yes,no,no,no,no,0,no,unfurnished
4627185,5920,2,1,2,yes,no,no,no,yes,0,no,unfurnished
4296554,6416,3,1,2,yes,no,yes,no,no,2,no,semi-furnished
4725633,3087,3,1,3,yes,no,yes,no,yes,0,no,semi-furnished
8693493,1613,4,1,0,yes,no,yes,no,no,1,no,semi-furnished
2997123,4694,2,1,1,yes,no,yes,no,yes,0,no,semi-furnished
3198775,3695,2,1,1,yes,no,yes,no,no,1,yes,unfurnished
3778097,8837,1,0,0,no,no,no,no,yes,0,no,unfurnished
6320429,7951,2,1,1,yes,no,yes,no,no,0,no,semi-furnished
2554316,4488,2,1,1,no,yes,no,no,yes,0,no,semi-furnished
7683037,3450,1,0,1,yes,no,no,no,no,0,no,furnished
2804925,1760,3,0,1,yes,no,no,no,no,2,yes,furnished
6152998,6722,2,1,1,yes,no,no,no,yes,1,no,semi-furnished
1978905,8442,3,0,1,yes,no,no,no,yes,0,no,unfurnished
1908610,6209,3,1,2,no,no,no,no,yes,0,no,furnished
7146854,7291,1,1,3,yes,no,no,no,yes,0,no,semi-furnished
6259318,3965,1,1,1,yes,no,no,no,no,0,no,unfurnished
5209088,5969,2,1,2,yes,no,no,no,no,0,no,unfurnished
5937178,6335,3,1,1,yes,no,yes,no,no,1,no,semi-furnished
4547488,4364,2,1,1,yes,no,yes,no,no,0,no,semi-furnished
6255129,6306,2,1,1,yes,yes,no,yes,no,0,yes,semi-furnished
5400037,9909,2,1,3,yes,no,no,no,no,0,no,semi-furnished
3342854,4884,3,0,1,yes,no,no,no,yes,0,yes,semi-furnished
5788218,5752,2,1,1,yes,no,no,no,no,1,no,semi-furnished
5761820,6580,3,1,2,yes,no,no,no,yes,0,no,unfurnished
3007796,3760,4,1,2,yes,no,no,no,no,1,no,semi-furnished
6837704,4268,2,1,1,yes,no,no,no,no,1,no,unfurnished
1639713,9990,1,1,0,yes,no,no,no,no,0,no,unfurnished
3504925,2967,2,0,1,yes,no,no,yes,yes,1,no,furnished
7466840,5310,2,1,2,yes,no,yes,no,yes,0,no,furnished
5138603,5343,2,2,2,yes,no,yes,no,no,0,no,unfurnished
1803680,1789,3,0,2,yes,no,no,no,no,0,yes,semi-furnished
7403813,7484,3,1,1,yes,no,yes,no,yes,0,yes,unfurnished
7629979,4712,2,0,2,yes,no,no,no,no,0,yes,semi-furnished
5645227,8480,2,0,1,yes,no,no,no,no,0,no,furnished
2715628,7560,2,1,2,yes,no,yes,no,no,0,no,unfurnished
5054128,3751,2,0,0,yes,no,no,no,yes,0,no,furnished
4837619,7060,3,1,0,yes,no,yes,no,no,0,no,unfurnished
2159513,4519,3,1,2,yes,no,no,no,no,1,no,furnished
5698301,1412,2,1,1,yes,no,yes,no,yes,0,no,furnished
4747970,5221,2,1,1,yes,no,no,no,yes,0,no,unfurnished
6507768,6093,3,2,1,yes,no,no,no,no,0,no,furnished
7096242,3580,3,1,2,yes,yes,no,no,yes,0,no,furnished
2659030,1607,2,1,1,yes,no,no,no,no,-1,no,unfurnished
2784271,1894,3,1,2,yes,no,no,no,no,1,no,unfurnished
5168897,7645,4,1,0,no,no,no,no,no,0,no,unfurnished
7580289,3572,3,1,3,yes,no,no,no,no,0,yes,semi-furnished
1298227,1280,3,1,2,yes,no,yes,no,no,0,no,furnished
6178705,7711,2,0,2,yes,no,yes,no,no,1,no,semi-furnished
5111239,2812,3,1,1,no,no,yes,no,no,1,no,furnished
3480795,1823,2,2,2,yes,yes,yes,no,no,1,no,unfurnished
3651888,5563,2,1,1,no,no,no,no,no,0,no,furnished
5515596,6088,3,1,1,yes,no,no,no,no,0,no,unfurnished
5393955,469,2,2,1,yes,no,no,no,no,0,no,semi-furnished
5062574,5472,2,0,1,yes,no,no,no,no,1,no,semi-furnished
3747762,5198,2,1,1,yes,yes,yes,no,no,1,no,semi-furnished
4038822,4323,3,0,2,yes,no,no,no,no,0,yes,unfurnished
3316958,8364,4,0,0,yes,no,no,no,no,0,no,furnished
5024810,2096,3,0,1,yes,no,no,no,yes,0,yes,semi-furnished
6916832,4311,3,2,2,yes,no,yes,no,no,1,no,unfurnished
2481606,4227,1,0,1,yes,no,yes,no,no,0,no,semi-furnished
6803113,-1179,2,0,2,yes,no,yes,no,no,0,no,furnished
6482690,8017,4,0,0,yes,no,no,no,no,0,no,unfurnished
4086966,2907,3,1,2,yes,no,no,no,yes,0,yes,furnished
4040722,2473,2,1,2,yes,no,yes,no,no,0,no,semi-furnished
3680143,3964,3,1,2,yes,no,no,no,no,0,yes,furnished
4312563,6095,3,0,1,yes,no,no,no,no,-1,no,semi-furnished
6552330,4034,3,1,1,yes,no,no,no,yes,1,no,semi-furnished
3572891,5658,3,2,1,yes,yes,no,no,no,0,no,unfurnished
2541151,4407,2,1,1,yes,no,yes,no,no,0,no,unfurnished
3865789,5532,3,0,2,yes,no,no,no,no,0,no,semi-furnished
4642868,6850,3,1,3,yes,no,no,no,no,0,no,semi-furnished
4386549,8336,2,1,1,yes,no,no,no,no,1,no,semi-furnished
7669483,3760,3,1,2,yes,no,yes,no,no,0,yes,unfurnished
3852020,4978,3,0,1,yes,no,yes,no,no,2,no,unfurnished
3597105,4240,2,0,2,yes,yes,no,no,yes,0,no,semi-furnished
7143333,3081,3,1,1,yes,no,no,no,no,0,no,unfurnished
7248347,3558,3,1,0,yes,yes,no,yes,no,0,no,unfurnished
3062436,5581,3,1,0,no,yes,yes,no,no,1,no,semi-furnished
5272838,6720,3,0,1,no,no,yes,no,no,0,no,unfurnished
7808790,7314,2,2,1,yes,no,yes,no,no,0,no,unfurnished
4070897,1641,1,0,0,no,no,no,no,no,1,yes,unfurnished
1922351,5808,2,1,1,yes,no,yes,no,yes,0,no,semi-furnished
4642556,6138,1,1,0,yes,yes,no,no,no,0,no,semi-furnished
5136781,6638,3,1,2,no,no,no,no,no,1,yes,semi-furnished
3089695,9551,2,1,2,yes,no,yes,no,no,0,no,semi-furnished
5392977,5412,3,1,0,yes,no,yes,no,no,0,yes,unfurnished
6241336,2461,1,1,0,yes,no,no,no,no,0,no,furnished
9034903,2156,3,1,2,yes,no,no,no,yes,1,no,semi-furnished
3501422,3227,3,0,2,yes,no,no,no,yes,0,yes,unfurnished
7929078,7842,3,0,1,yes,no,no,no,yes,0,no,furnished
3089926,5619,2,0,2,yes,no,yes,no,no,0,no,semi-furnished
3982585,3328,2,1,2,yes,no,no,no,yes,1,yes,furnished
4975655,6036,1,1,3,yes,no,no,no,no,0,no,unfurnished
4068557,3976,3,1,1,yes,no,no,no,no,0,no,semi-furnished
4207406,2562,2,0,2,yes,no,no,no,no,1,no,semi-furnished
7394913,4216,3,0,2,yes,no,no,no,yes,0,no,semi-furnished
3482198,7319,2,1,1,yes,no,no,no,no,0,no,semi-furnished
8623651,7170,3,1,1,yes,no,no,no,no,0,yes,semi-furnished
3710387,5390,3,1,1,yes,no,no,no,no,0,no,semi-furnished
4870938,3167,2,2,0,yes,no,yes,no,no,0,no,semi-furnished
4691444,2491,3,1,2,yes,no,yes,no,yes,0,no,unfurnished
1260494,8005,3,2,2,yes,no,no,no,no,1,no,semi-furnished
4938540,4242,3,1,1,yes,no,no,no,yes,0,no,furnished
3929368,2924,2,1,3,yes,no,no,no,no,0,yes,semi-furnished
3123880,3955,2,0,1,yes,no,no,no,no,0,no,semi-furnished
6295659,5833,3,0,3,yes,yes,no,no,no,0,no,unfurnished
591897,10642,1,1,0,yes,yes,no,no,yes,0,no,semi-furnished
6525417,3603,3,1,2,yes,no,yes,no,no,1,no,semi-furnished
2449213,5968,1,1,2,yes,no,no,no,no,0,no,semi-furnished
4730232,3875,2,1,1,yes,no,no,no,yes,0,no,semi-furnished
5194964,4944,2,1,1,yes,yes,yes,no,no,0,no,unfurnished
5214937,5608,3,0,0,yes,yes,no,no,no,0,no,furnished
3727439,8151,3,1,3,yes,no,no,no,no,1,no,furnished
4435384,2536,2,0,1,yes,no,yes,no,yes,-1,yes,unfurnished
4254269,8020,3,1,3,yes,no,yes,no,no,1,no,semi-furnished
3772189,5586,3,1,1,yes,yes,no,no,no,1,no,semi-furnished
5385177,5090,2,1,2,yes,no,yes,no,no,1,no,semi-furnished
